room_id,room_name,company_name,location,keywords,min_players,max_players,website,phone,phone_2,address,latitude,longitude,waze_link,region, region_2,is_closed_on_weekends,number_of_same_rooms,is_performance,is_vr,soldier_discount,soldier_discount_weekend,student_discount,student_discount_weekend,children_discount,children_discount_weekend,is_gift_card,escape_card,birthday_discount,is_linear,is_parallel,is_beginner,is_for_children,is_for_religious,is_scary,is_for_disabled,is_for_hearing_impaired,is_for_pregnant,is_credit_card_accepted,is_mau_and_mau_played,price_1,price_2,price_3,price_4,price_5,price_6,price_7,price_8,price_9,weekend_price_1,weekend_price_2,weekend_price_3, weekend_price_4,weekend_price_5,weekend_price_6,weekend_price_7,weekend_price_8,weekend_price_9
1,לנקות את מר ריצ'באום, A-Mazed,אבן יהודה,,3,7,http://www.a-mazed.co.il/%D7%97%D7%93%D7%A8-%D7%91%D7%A8%D7%99%D7%97%D7%94-%D7%9C%D7%A0%D7%A7%D7%95%D7%AA-%D7%90%D7%AA-%D7%92%D7%99%D7%90-%D7%A8%D7%99%D7%A6%D7%91%D7%90%D7%95%D7%9D/,09-8918805,,"האלה 27, אבן יהודה",32.278719,34.892976,http://tinyurl.com/jsnrrm5,שרון,,,2,,,20,20,10,10,50,50,,,100,,,,0,,,,,,,,,,110,100,90,80,75,,,,,110,100,90,80,75,,
2,שוליית הקוסם, A-Mazed,אבן יהודה,,2,6,http://www.a-mazed.co.il/,09-8918805,,"האלה 27, אבן יהודה",32.278719,34.892976,http://tinyurl.com/jsnrrm5,שרון,,,,,,20,20,10,10,50,50,,,100,,,,,,,,,,,,,120,110,100,90,80,,,,,120,110,100,90,80,,,
3,הנגאובר,escaperoom israel,אילת,,2,7,http://www.escaperoom.co.il/eilat-hangover,079-932-2224,,"מלון הרודס, מתחם קארדו, אילת",29.548604,34.967033,http://tinyurl.com/h5xtsau,דרום,,,,,,20,20,,,,,1,,,,,1,0,0,0,,,,1,,,120,100,90,80,80,,,,,120,100,90,80,80,,,
4,טיטאניק,escaperoom israel,אילת,,2,5,http://www.escaperoom.co.il/eilat-titanic,079-932-2224,,"מלון הרודס, מתחם קארדו, אילת",29.548604,34.967033,http://tinyurl.com/h5xtsau,דרום,,,,,,20,20,,,50,50,1,,,1,1,1,1,,0,,,,1,,,120,100,90,80,80,,,,,120,100,90,80,80,,,
5,אלקטרז,runout,אילת,,2,4,http://www.run-out.net/alcatraz,053-2552515,,"שדרות התמרים 2, אילת",29.554838,34.954247,http://tinyurl.com/jnublfw,דרום,,,2,,,15,15,10,10,,,,10,,1,0,1,1,,0,0,1,1,1,,,100,90,80,,,,,,,110,100,90,,,,,
6,קללת המכשפה,runout,אילת,,2,6,http://www.run-out.net/witch,053-2552515,,"שדרות התמרים 2, אילת",29.554838,34.954247,http://tinyurl.com/jnublfw,דרום,,,,,,15,15,10,10,,,,10,,0,1,1,0,,1,0,1,1,1,,,110,100,90,80,75,,,,,120,110,100,90,83,,,
7,קופקבאנה,seguro,אליכין,,2,6,http://www.seguro.co.il/copacabana,04-6144375,,אליכין,32.407659,34.925028,http://tinyurl.com/jy9ecs4,שרון,,,,,,20,20,10,10,50,50,,,,,,,,,,,,,1,,,110,100,90,80,70,,,,,120,110,100,90,80,,,
8,הטבעת השחורה,seekers,אמירים,,2,6,http://www.seekers.co.il/,058-4753951,,"רחוב החורש, מושב אמירים",32.941187,35.443478,http://tinyurl.com/jmwc84m,צפון,,,,,,10,10,10,10,,,,,,,,,,,,,,,1,,,100,87,78,72,68,,,,,110,103,95,86,80,,,
9,גביע הקסם,exit game,אשדוד,,2,6,http://www.exitgame.co.il/he/Games/2/%D7%92%D7%91%D7%99%D7%A2-%D7%94%D7%A7%D7%A1%D7%9D,058-69955775,,"התקשורת 5, אשדוד",31.813890,34.657093,http://tinyurl.com/jl8nwnp,דרום,,,,,,15,15,10,10,,,1,,,,,,1,,0,,,,,,,100,87,78,70,67,,,,,120,100,88,80,75,,,
10,מכונת זמן,exit game,אשדוד,,2,6,http://www.exitgame.co.il/he/Games/1/%D7%9E%D7%9B%D7%95%D7%A0%D7%AA-%D7%94%D7%96%D7%9E%D7%9F,058-69955775,,"התקשורת 5, אשדוד",31.813890,34.657093,http://tinyurl.com/jl8nwnp,דרום,,,,,,15,15,10,10,,,1,,,,,,,,,,,,,,,100,87,78,70,67,,,,,120,100,88,80,75,,,
11,סוכן כפול,exit game,אשדוד,,2,5,http://www.exitgame.co.il/he/Games/3/%D7%A1%D7%95%D7%9B%D7%9F-%D7%9B%D7%A4%D7%95%D7%9C,058-69955775,,"התקשורת 5, אשדוד",31.813890,34.657093,http://tinyurl.com/jl8nwnp,דרום,,,,,,15,15,10,10,,,1,,,,,,,,,,,,,,,100,87,78,70,,,,,,120,100,88,80,,,,
12,אלאדין,exit game,אשדוד,,2,5,http://www.exitgame.co.il/he/Games/10/%D7%90%D7%9C%D7%90%D7%93%D7%99%D7%9F,058-69955775,,"התקשורת 5, אשדוד",31.813890,34.657093,http://tinyurl.com/jl8nwnp,דרום,,,,,,15,15,10,10,,,1,,,,,1,1,,0,,,,,,,100,87,78,70,,,,,,120,100,88,80,,,,
13,שובר שורות,live quest,אשדוד,,2,6,http://www.livequest.co.il/%D7%A9%D7%95%D7%91%D7%A8-%D7%A9%D7%95%D7%A8%D7%95%D7%AA/,054-7161311,,"שלזינגר 1, אשדוד",31.818807,34.669912,http://tinyurl.com/j8uv33p,דרום,,,,,,20,20,10,10,,,,,,,,,,,,,,1,,,,100,90,80,70,65,,,,,120,100,90,80,75,,,
14,תרדמת,live quest,אשדוד,,2,4,http://www.livequest.co.il/%D7%AA%D7%A8%D7%93%D7%9E%D7%AA/,054-7161311,,"שלזינגר 1, אשדוד",31.818807,34.669912,http://tinyurl.com/j8uv33p,דרום,,,,,,20,20,10,10,,,1,,,,,,,,,,,1,,,,100,90,80,,,,,,,120,100,90,,,,,
15,מכונה לתקשור נשמות,quest house,אשדוד,,2,6,http://questhouse.co.il/he/%D7%97%D7%93%D7%A8%D7%99%D7%9D/,08-9339870,058-7535555,"התקשורת 8, אשדוד",31.813712,34.657145,http://tinyurl.com/zqtnovw,דרום,,,,,,,,,,,,,,,,,,,,,,,,,1,,100,90,85,80,75,,,,,120,103,95,88,82,,,
16,מלחמות הצללים,quest house,אשדוד,,2,6,http://questhouse.co.il/he/%D7%97%D7%93%D7%A8%D7%99%D7%9D/,08-9339870,058-7535555,"התקשורת 8, אשדוד",31.813712,34.657145,http://tinyurl.com/zqtnovw,דרום,,,,,,,,,,,,,,,,,,,,,,,,,,,100,90,85,80,75,,,,,120,103,95,88,82,,,
17,חזרה לUSSR,secret room,אשדוד,,2,5,http://secretroom.co.il/city/ashdod/,052-7266852,,המסחר 1 אשדוד,31.807274,34.645274,http://tinyurl.com/zs77sn8,דרום,,,,,,,,,,,,,,,,,,,,,,,,,,,100,100,80,80,,,,,,100,100,80,80,,,,
18,הכת הסודית ,adventure room,אשקלון,,2,6,http://www.adventureroom.co.il/default.asp?SID=2&CID=1&IID=2&PgN=1,054-7473723,,"הפנינים 38, אשקלון",31.668523,34.601611,http://tinyurl.com/gskhdfa,דרום,,,,,,10,10,10,10,,,,,,,,,,,,,,,,,,110,100,90,85,75,,,,,120,110,100,90,80,,,
19,הכימאי,escape zone,אשקלון,,2,6,http://www.escape-zone.co.il/he/room/alchemists-chamber-3/,08-8659970,,"צה""ל 29, אשקלון",31.665019,34.589354,http://tinyurl.com/hpjvmv6,דרום,,,,,,,,,,,,1,,,,,,,,,,,,,,,90,85,80,75,70,,,,,100,95,90,85,80,,,
20,וונדרזון,escape zone,אשקלון,,2,6,http://www.escape-zone.co.il/he/room/%D7%95%D7%95%D7%A0%D7%93%D7%A8-%D7%96%D7%95%D7%9F-2/,08-8659970,,"צה""ל 29, אשקלון",31.665019,34.589354,http://tinyurl.com/hpjvmv6,דרום,,,,,,,,,,,,1,,,,,,,,,,,,,,,90,85,80,75,70,,,,,100,95,90,85,80,,,
21,שכחו אותי בבית,livequest,אשקלון,,2,4,http://www.livequest.co.il/%D7%A9%D7%9B%D7%97%D7%95-%D7%90%D7%95%D7%AA%D7%99-%D7%91%D7%91%D7%99%D7%AA/,054-7161311,,"בית המשפט 4, אשקלון",31.664530,34.587605,http://tinyurl.com/hnyus9b,דרום,,,,,,20,20,10,10,,,1,,,,,,,,,,,1,,,,100,87,78,,,,,,,120,100,88,,,,,
22,אטלנטיס,time square,אשקלון,,2,10,http://atlantis-ts.co.il/,058-6440641,050-3341072,"הנוטרים ,1 אשקלון",31.665336,34.584816,http://tinyurl.com/hfhgn5q,דרום,,,,,,10,10,10,10,,,,,,,,,,,,,,,,,,105,95,90,85,80,80,80,80,,105,95,90,85,80,80,80,80
23,סוד הגרעין הישראלי,בית מוריה,באר שבע,,2,10,https://www.bmoriah.org.il/sod.html,08-6409760,052-3183328,"אברהם אבינו 91, באר שבע",31.269735,34.794354,http://tinyurl.com/jv6gph5,דרום,ב״שׁ,1,,,,,,,,,,,,,,,,,1,,1,,,,,,110,95,85,80,70,60,60,60,,110,95,85,80,70,60,60,60
24,שעת חירום,escaperoom israel,באר שבע,,2,6,http://www.escaperoom.co.il/beer-sheva-doomsday,08-6716772,,"הדסה 53, באר שבע, קומה 2-",31.240853,34.790173,http://tinyurl.com/gv5z845,דרום,ב״שׁ,,,,,20,20,,,50,50,1,,,,,1,,,0,,,,1,,,120,100,90,80,80,,,,,120,100,90,80,80,,,
25,נמלטים,escaperoom israel,באר שבע,,2,6,http://www.escaperoom.co.il/beer-sheva-prison-break,08-6716772,,"הדסה 53, באר שבע, קומה 2-",31.240853,34.790173,http://tinyurl.com/gv5z845,דרום,ב״שׁ,,,,,20,20,,,50,50,1,,,,,1,,,0,,,,1,,,120,100,90,80,80,,,,,120,100,90,80,80,,,
26,הצינוק,exit room,באר שבע,,2,5,http://exitroom.co.il/rooms/dungeon-3-3-3/?lang=he,077-5569386,,"ההסתדרות 37, באר שבע",31.239554,34.788806,http://tinyurl.com/z8jwmc8,דרום,ב״שׁ,,,,,10,10,,,10,10,1,,,,,,0,,,,,,,,,120,100,88,80,,,,,,120,100,88,80,,,,
27,מועדון ציד,exit room,באר שבע,,4,6,http://exitroom.co.il/rooms/hunting-club-2/?lang=he,054-8132233,,"ההסתדרות 19, באר שבע",31.238811,34.788100,http://tinyurl.com/j368j2u,דרום,ב״שׁ,,,,,10,10,,,10,10,1,,,,,,1,,,,,,,,,,,88,80,78,,,,,,,88,80,78,,,
28,שוד בנק,exit room,באר שבע,,3,6,http://exitroom.co.il/rooms/bank-beersheva-2/?lang=he,054-8132233,,"ההסתדרות 19, באר שבע",31.238811,34.788100,http://tinyurl.com/j368j2u,דרום,ב״שׁ,,,,,10,10,,,10,10,1,,,,,,1,,,,,,,,,,100,88,80,78,,,,,,100,88,80,78,,,
29,ארמגדון,gameon,באר שבע,,2,6,http://www.gameon-escaperooms.co.il/,08-6267879,,"מצדה 6, מרכז הנגב, באר שבע",31.258449,34.795816,http://tinyurl.com/j4em97c,דרום,ב״שׁ,,,,,10,10,,,,,1,10,,1,1,1,1,,0,1,1,1,1,,,120,100,90,85,80,,,,,120,100,90,85,80,,,
30,מצרים העתיקה - האוצר האבוד,gameon,באר שבע,,2,6,http://www.gameon-escaperooms.co.il/,08-6267879,,"מצדה 6, מרכז הנגב, באר שבע",31.258449,34.795816,http://tinyurl.com/j4em97c,דרום,ב״שׁ,,,,,10,10,,,,,1,10,,1,1,1,1,,0,1,1,1,1,,,120,100,90,85,80,,,,,120,100,90,85,80,,,
31,קניבל בצ'רנוביל,x room,באר שבע,,2,6,https://www.x-roomb7.com,055-9576319,,"יאיר שטרן 43, באר שבע",31.241166,34.790976,http://tinyurl.com/jufqjxa,דרום,ב״שׁ,,,,,10,,10,,,,,,,,,,,,1,,,,0,,,120,115,110,105,100,,,,,120,115,110,105,100,,,
32,חופשה בסקוטלנד,brainzz,בלפוריה,,2,6,http://www.brainzz.co.il/,04-6416663,,מושב בלפוריה,32.629988,35.296281,http://tinyurl.com/js44fyg,צפון,גליל,,,,,10,10,10,10,,,,,,,,,,,,,,,1,,,100,90,80,70,70,,,,,125,110,100,90,90,,,
33,מגרש השדים,no escape,בת ים,,2,5,http://www.noescape.co.il/the-exorcist,052-5485548,,"אהוד קינמון 29, בת ים",32.010716,34.749985,http://tinyurl.com/hbqu3jd,מרכז,,,,,,,,,,,,,,,,,,0,,1,,,,0,,,110,100,90,80,,,,,,110,100,90,80,,,,
34,אימת טרנטון,rsq,בת ים,,2,6,http://rsqisrael.com/heb/index,03-6095110,,"מצודת בית""ר 8, בת ים",32.013383,34.750362,http://tinyurl.com/jxmox7f,מרכז,,,,,,,,15,15,,,,,100,1,1,0,0,,1,0,0,1,1,,,110,90,85,80,75,,,,,120,100,95,90,85,,,
35,המקפיא,rsq,בת ים,,2,4,http://rsqisrael.com/heb/index,03-6095110,,"מצודת בית""ר 8, בת ים",32.013383,34.750362,http://tinyurl.com/jxmox7f,מרכז,,,,,,,,15,15,,,,,100,,,,,,,,,,,,,110,90,85,80,75,,,,,120,100,95,90,85,,,
36,כרמן סאן דייגו,north-escape,הגושרים,,2,6,www.north-escape.co.il,055-6674537,,קיבוץ הגושרים,33.221485,35.623028,http://tinyurl.com/z68azde,צפון,גליל,,,,,10,,10,,30,,1,10,,0,1,1,1,,0,0,1,1,1,,,100,90,80,74,70,,,,,115,110,100,90,80,,,
37,המוזאון,escape plan,הוד השרון,,2,8,http://escape-plan.co.il/,058-6959503,,"בני ברית 8, הוד השרון",32.154458,34.890522,http://tinyurl.com/z6sxvy3,שרון,,,,,,20,20,10,10,50,50,,,,,,,,,,,,,,,,110,100,90,80,80,71,,,,120,110,100,90,83,74,,
38,מטריקס,braineffect,הרצליה,,2,5,http://braineffect.co.il/matrix/,09-8617767,,גלגלי הפלדה 6 הרצליה פיתוח,32.163124,34.808599,http://tinyurl.com/zyzukt3,שרון,,,,,,15,15,,,50,50,1,,,,,1,1,,,,,,,,,105,100,95,90,,,,,,105,100,95,90,,,,
39,פורדו,braineffect,הרצליה,,2,7,http://braineffect.co.il/fordow/,09-8617767,,גלגלי הפלדה 6 הרצליה פיתוח,32.163124,34.808599,http://tinyurl.com/zyzukt3,שרון,,,,,,15,15,,,50,50,1,,,,,1,1,,,,,,,,,105,100,95,90,85,80,,,,105,100,95,90,85,80,,
40,בריחת הפיראטים,brainit,הרצליה,,2,6,https://brainit.co.il/f1/room/pirates/,09-7923338,,"משכית 9, הרצליה",32.165581,34.811594,http://tinyurl.com/jnrudzl,שרון,,,,,,10,10,10,10,,,1,,100,,,,1,,,,,,,,,115,100,90,80,80,,,,,115,100,90,80,80,,,
41,האיום האיראני,breakout,הרצליה,,2,8,http://breakout.co.il/%D7%94%D7%90%D7%99%D7%95%D7%9D-%D7%94%D7%90%D7%99%D7%A8%D7%90%D7%A0%D7%99/,03-6193464,055-6628740,"הבוסתן 35, הרצליה",32.177441,34.844512,http://tinyurl.com/h74h622,שרון,,,,,,10,10,10,10,50,50,1,10,,1,1,1,1,,0,1,1,1,1,,,120,110,100,90,80,75,75,,,120,110,100,90,80,75,75,
42,האתגר: פיראטים,challenge,הרצליה,,3,7,http://www.challenge-israel.co.il/product/%D7%94%D7%90%D7%AA%D7%92%D7%A8-%D7%A4%D7%99%D7%A8%D7%90%D7%98%D7%99%D7%9D/,09-799-8833,,"ברקת 5, הרצליה",32.167421,34.806918,http://tinyurl.com/jmwq9nk,שרון,,,,,,10,10,10,10,,,,,50,1,1,1,1,,1,0,1,0,1,,,,120,115,110,100,100,,,,,120,115,110,100,100,,
43,תיקים באפלה,exit room,הרצליה,,3,6,http://exitroom.co.il/rooms/secret-files/,054-6300617,,"משכית 9, הרצליה",32.165581,34.811594,http://tinyurl.com/jnrudzl,שרון,,,2,,,10,10,,,10,10,1,,,,,,,,,,,,,,,,100,88,80,78,,,,,,100,88,80,78,,,
44,אלדורדו,exit room,אשדוד,,2,5,http://exitroom.co.il/rooms/eldorado-2-2-2-2-2-2-2-3-2-2-2/?lang=he,053-9533466,,"האורגים 39, אשדוד",31.814422,34.656281,http://tinyurl.com/grwbvhh,דרום,,,,,,10,10,,,10,10,1,,,,,,,,,,,,,,,,100,88,80,78,,,,,,100,88,80,78,,,
45,מבצע עטלף,mind gamed,הרצליה,,2,7,http://mind-game.net/,052-468-0124,,שנקר 14 הרצליה פיתוח,32.159128,34.808556,http://tinyurl.com/gwr7byp,שרון,,,,,,,,,,,,,,,,,,,,,,,,,,,120,120,120,110,110,110,,,,120,120,120,110,110,110,,
46,"ד""ר דרים",mindbreak,הרצליה,,2,6,http://mindbreak.co.il/,054-2011732,,"בן גוריון 8, הרצליה",32.165538,34.842577,http://tinyurl.com/jfx4k8l,שרון,,,,,,10,10,10,10,30,30,1,,,,,,,,,,,,,1,,110,90,85,80,75,,,,,120,100,95,85,80,,,
47,שוד המונה ליזה,nowayout,הרצליה,,2,7,https://www.nowayout.co.il/rooms/mona-lisa/,072-3927591,,"בן גוריון 22, הרצליה",32.162379,34.842503,http://tinyurl.com/zlny7mr,שרון,,,,,,,,,,,,,10,,,,,,,,,,,,,,120,100,95,85,80,80,,,,120,110,100,90,85,80,,
48,מטמון הברון,צופן הברון,זכרון יעקב,,2,5,http://baron-code.co.il,072-2409004,,"המייסדים 62, זכרון יעקב",32.574399,34.954005,http://tinyurl.com/htrlepz,שרון,,,2,,,,,,,,,,,,0,1,1,1,,0,1,1,1,1,,,110,100,90,80,,,,,,120,110,98,88,,,,
49,סודות המגילה,צופן הברון,זכרון יעקב,,2,6,http://baron-code.co.il,072-2409004,,"המייסדים 62, זכרון יעקב",32.574399,34.954005,http://tinyurl.com/htrlepz,שרון,,,2,,,,,,,,,,,,0,1,1,1,,0,1,1,1,1,,,110,100,90,80,75,,,,,120,110,98,88,80,,,
50,הגהינום,5d reality game,חולון,,2,6,http://reality-game.co.il/?page_id=43,050-5078701,,"סוקולוב 42, חולון",32.022709,34.773505,http://tinyurl.com/jxt4uar,מרכז,,,,,,,,,,,,,,,,,,,,,,,,,,,105,90,83,74,70,,,,,130,107,95,84,77,,,
51,star wars,5d reality game,חולון,,2,6,http://reality-game.co.il/?page_id=43,050-5078701,,"סוקולוב 42, חולון",32.022709,34.773505,http://tinyurl.com/jxt4uar,מרכז,,,,,,,,,,,,,,,,,,,,,,,,,,,105,90,83,74,70,,,,,130,107,95,84,77,,,
52,אובסקיוריטי,portal y,חולון,,3,10,http://www.portaly.club/obscurity,058-6076070,,"רבינוביץ' 11, חולון",31.999243,34.768505,http://tinyurl.com/hhoblzb,מרכז,,,,,,,,,,,,,,,0,1,0,0,,1,0,1,1,1,1,,,110,110,100,100,90,90,80,,,120,120,110,110,100,100,95
53,קוהינור,enigmatic,חיפה,,2,6,http://www.enigmatic.co.il/he/home-page/,054-3315338,,"שדרות מוריה 58, חיפה",32.796500,34.984357,http://tinyurl.com/z8os48t,צפון,,,,,,10,10,,,,,1,,,,,,,1,,,,,,,,100,95,90,80,75,,,,,120,105,95,85,80,,,
54,סוד הגלריה,escape challenge,חיפה,,2,7,http://www.escapechallenge.co.il/room/SecretOfTheGallery,050-2700387,,"הבונים החופשיים 11, לב המפרץ, חיפה",32.788286,35.039320,http://tinyurl.com/gse9syn,צפון,,,,,,10,10,10,,,,,,,,,,,,,,,,,,,120,90,80,70,70,70,,,,120,100,90,84,80,80,,
55,הצלצול,exit room,חיפה,,2,6,http://exitroom.co.il/rooms/the-ring/?lang=he,053-5318227,,"שדרות הנשיא 104, חיפה",32.807755,34.986178,http://tinyurl.com/htoyu2g,צפון,,,,,,10,10,,,10,10,1,,,,,,,,1,,,,1,1,,120,100,88,80,78,,,,,120,100,88,80,78,,,
56,שוד בנק,exit room,חיפה,,2,7,http://exitroom.co.il/rooms/bank-robbery-2/?lang=he,053-6224799,,"שדרות ההסתדרות 34, חיפה",32.790736,35.033694,http://tinyurl.com/hdfwkd9,צפון,,,,,,10,10,,,10,10,1,,,,,,,,,,,,1,1,,120,100,88,80,78,77,,,,120,100,88,80,78,77,,
57,תעלומת דה וינצ'י,exit room,חיפה,,2,5,http://exitroom.co.il/rooms/da-vinci-code-2-2-2-2-2/?lang=he,053-5318227,,"שדרות הנשיא 104, חיפה",32.807755,34.986178,http://tinyurl.com/htoyu2g,צפון,,,,,,10,10,,,10,10,1,,,,,,,,,,,,1,,,120,100,88,80,,,,,,120,100,88,80,,,,
58,האוצרות המקוללים,golden fox,חיפה,,2,6,http://goldenfox.co.il/,054-8110795,,"שער פלמר 1, חיפה",32.819802,34.999984,http://tinyurl.com/zlz4rp6,צפון,,,,,,10,10,10,10,50,50,1,,,,,,,,,,,,1,,,100,90,80,70,65,,,,,120,110,95,90,80,,,
59,היער הקסום,golden key,חיפה,,4,14,http://www.mygoldenkey.co.il/haifa,074-7323909,,"יוחנן הסנדלר 18, חיפה",32.789975,35.040936,http://tinyurl.com/hyosp7h,צפון,,,,,,10,10,,,,,1,10,,,,,,,0,,,,,,,,,95,90,83,79,50,50,,,,95,90,83,79,50,50
60,הצוואה של הדוד המליונר,golden key,חיפה,,2,8,http://www.mygoldenkey.co.il/haifa,074-7323909,,"יוחנן הסנדלר 18, חיפה",32.789975,35.040936,http://tinyurl.com/hyosp7h,צפון,,,,,,10,10,,,,,1,10,,,,,,,,,,,,,,125,100,95,90,83,79,50,,,125,100,95,90,89,79,50,
61,הצוללת,golden key,חיפה,,2,8,http://www.mygoldenkey.co.il/haifa,074-7323909,,"יוחנן הסנדלר 18, חיפה",32.789975,35.040936,http://tinyurl.com/hyosp7h,צפון,,,,,,10,10,,,,,1,10,,,,,,,,,,,,,,125,100,95,90,83,79,50,,,125,100,95,90,89,79,50,
62,בלש אמיתי,quest room,חיפה,,2,6,http://www.questroom.co.il/real-detective-game,072-2133868,054-4522905,"יוחנן הסנדלר 13, חיפה",32.790122,35.040041,http://tinyurl.com/jgtvqge,צפון,,,,,,10,10,,,20,20,,,,,,,,,,,,1,1,,,100,90,80,70,70,,,,,125,110,100,90,90,,,
63,הטינה,quest room,חיפה,,2,7,http://www.questroom.co.il/the-grudge,072-2133868,050-6488656,"האשלג 18, חיפה",32.791259,35.039209,http://tinyurl.com/jmrttpw,צפון,,,,,,10,10,,,20,20,1,,,,,,,,,,,,1,,,100,90,80,70,70,70,,,,125,110,100,90,90,90,,
64,סוכן 007,quest room,חיפה,,3,7,http://www.questroom.co.il/007,072-2133868,054-3593109,"ליאון שטיין 9, חיפה",32.791219,35.036775,http://tinyurl.com/jqdzyoz,צפון,,,,,,10,10,,,20,20,,,,,,,,,,,,,1,,,,90,80,70,70,,,,,,110,100,90,90,,,
65,השתלטות U110,quest world,חיפה,,2,8,http://www.quest-world.co.il/,052-4653133,,"ההסתדרות 208, חיפה",32.807479,35.062809,http://tinyurl.com/j487gu3,צפון,,,,,,,,,,,,,,,,,,,,,,,,1,,,150,100,90,80,75,70,69,,,150,100,100,100,100,100,100,
66,האוצר האבוד של קפטן הוק,quest world,חיפה,,2,8,http://www.quest-world.co.il/,052-4653133,,"ההסתדרות 208, חיפה",32.807479,35.062809,http://tinyurl.com/j487gu3,צפון,,,,,,,,,,,,,,,,,,,,,,,,1,,,120,100,90,80,75,70,69,,,120,100,95,90,90,86,82,
67,הפולחן,question mark,חיפה,,3,7,http://questionmark.run/,052-4723463,,"מרקוני גוליאלמו 9, חיפה",32.788701,35.032508,http://tinyurl.com/h6hmzat,צפון,,,,,,,,,,,,,,,,,,,,,,,,,,,120,100,90,80,75,70,,,,,110,95,85,80,75,,
68,רייזור,question mark,חיפה,,3,7,http://questionmark.run/,052-4723463,,"מרקוני גוליאלמו 9, חיפה",32.788701,35.032508,http://tinyurl.com/h6hmzat,צפון,,,,,,,,,,,,,,,,,,,,,,,,,,,120,100,90,80,75,70,,,,,110,95,85,80,75,,
69,הקבר האבוד,questplace,חיפה,,2,6,http://www.questplace.co.il/games/the-lost-tomb/,052-6573911,,"עיר תחתית, שער פלמר 1, קומה א׳ משרד 107, חיפה",32.819802,34.999984,http://tinyurl.com/zlz4rp6,צפון,,,,,,,,,,,,,,,,,,,,,0,,0,1,,,120,100,80,80,80,,,,,120,100,80,80,80,,,
70,המרדף אחרי המליון,secret room,חיפה,,2,5,http://secretroom.co.il/quests/v-pogone-za-millionom-haifa/,058-5579797,058-5671882,"עיר תחתית, שער פלמר 1, קומה ב׳ משרד 219, חיפה",32.819802,34.999984,http://tinyurl.com/zlz4rp6,צפון,,,,,,10,10,10,10,,,,,,0,1,,,,0,0,0,0,0,,,100,100,80,80,,,,,,100,100,80,80,,,,
71,חקיין,the game,חיפה,,2,4,http://haifa-game.com/,052-7527471,,"הנמל 6, חיפה",32.817648,35.002588,http://tinyurl.com/zsdgevv,צפון,,,,,,,,,,,,,,,,,,,,,,,,,,,110,100,95,,,,,,,120,110,105,,,,,
72,הבריחה מהפנינה השחורה,best quest,חיפה,,2,8,http://bestquest.co.il/index.html,053-7170353,,"שער פלמר 1, קומה 2, חדר229",32.819802,34.999984,http://tinyurl.com/zlz4rp6,צפון,,,,,,,,,,,,,,,,,1,,,,,,,,,,110,90,75,70,70,70,70,,,120,100,88,80,80,80,75,
73,איום חד משמעי,bquest,ירושלים,,2,6,bquest.co.il,052-5416528,073-7310226,יד חרוצים 16 ירושלים,31.751703,35.216291,http://tinyurl.com/zmfzbmd,,י-ם,,,,,,,,,,,,,,,,,1,,,,,,1,,,95,83,78,70,67,,,,,120,100,90,80,75,,,
74,מכרות המלך שלמה,bquest,ירושלים,,2,6,http://bquest.co.il/solomon-mines/,052-5416528,073-7310226,יד חרוצים 16 ירושלים,31.751703,35.216291,http://tinyurl.com/zmfzbmd,,י-ם,,,,,,,,,,,,,,,,,1,,,,,,1,,,95,83,78,70,67,,,,,120,100,90,80,75,,,
75,קרייסס ,crazy mary,ירושלים,,2,5,https://www.facebook.com/horrorroomisrael/?fref=ts,050-5557471,,"הרכבים 13, ירושלים",31.753753,35.212558,http://tinyurl.com/j5y5gre,,י-ם,,,,,20,20,,,,,,,30,,,,,,,,,,1,,,100,100,100,100,,,,,,100,100,100,100,,,,
76,תעלומה במשרדי הפארק,esc room,ירושלים,,2,7,http://esctheroom.co.il/,052-3406030,053-5220520,"שטנר 7, ירושלים",31.786101,35.189882,http://tinyurl.com/hdjfgof,,י-ם,,,,,,,,,,,,,,,,,,,,,,,,,,120,110,100,90,80,75,,,,120,110,100,90,80,75,,
77,שוד המאה ,escaperoom israel,ירושלים,,2,6,http://www.escaperoom.co.il/jerusalem-the-robbery-of-the-century,079-932-2224,,"שמאי 19, ירושלים",31.781194,35.218660,http://tinyurl.com/j2f9dch,,י-ם,,2,,,20,20,,,50,50,1,,,1,1,1,,,0,,,,1,,,120,100,90,80,80,,,,,120,100,90,80,80,,,
78,להמלט מן הנזיר,jerusalem puzzle quest,ירושלים,,4,10,http://jpq.co.il/,054-7121656,,"פייר קניג 28, ירושלים",31.752744,35.213777,http://tinyurl.com/zc5p3cc,,י-ם,1,,,,,,,,,,1,10,,1,1,1,1,1,,0,1,1,1,,,,,80,80,80,80,90,90,,,,80,80,80,80,90,90
79,המרדף אחרי המליון,secret room,ירושלים,,2,5,http://secretroom.co.il/quests/v-pogone-za-millionom/,058-4579797,,"יפו 97 קומה c2 משרד 226, ירושלים",31.784294,35.214896,http://tinyurl.com/z8xsvzg,,י-ם,,,,,,,,,,,1,,,,,,,,,,,,,,,100,100,80,80,,,,,,100,100,80,80,,,,
80,שבויי המבצר,secret room,ירושלים,,2,5,http://secretroom.co.il/quests/pobeg-iz-tyurmy/,058-4579797,,יואל משה סלומון 16 ירושלים,31.779962,35.219831,http://tinyurl.com/hg5bk6c,,י-ם,,,,,,,,,,,,,,,,,,,,,,,,,,100,100,80,80,,,,,,100,100,80,80,,,,
81,הבריחה הגדולה מהכלא,the challenge rooms,ירושלים,,2,7,http://www.thechallengerooms.com/escape-room-jailbreak-x2vsk,053-6782822,,"האומן 22, ירושלים",31.751352,35.208225,http://tinyurl.com/j6yw9jy,,י-ם,,,,,,,,,,,,,,,,,,,,1,,,0,,,95,93,88,80,80,80,,,,100,100,90,86,86,86,,
82,הטיול,the challenge rooms,ירושלים,,5,8,http://www.thechallengerooms.com/the-trip-heb,053-6782822,,"האומן 22, ירושלים",31.751352,35.208225,http://tinyurl.com/j6yw9jy,,י-ם,,,,,,,,,,,,,,,,,,,,0,0,0,0,,,,,,90,90,90,90,,,,,,100,100,100,100,
83,סטארגייט,BZ Games,ירושלים,,2,6,https://www.escapeil.com/,02-9976509​,054-9935234,יד חרוצים 16 ירושלים,31.751704,35.216292,http://tinyurl.com/jmw49q7,,י-ם,,,,,20,20,10,10,,,,,,,,,,,,,,,,,,100,95,90,85,75,,,,,120,105,95,90,85,,,
84,אבירי השולחן העגול,cerebro,כפר סבא,,2,7,http://cerebro.co.il/,0544875837,0542772220,התעש 24 קומה 2 כפר סבא,32.177020,34.927410,http://tinyurl.com/znkmlsj,שרון,כפ״ס,,,,,10,10,10,10,,,1,10,,,,1,1,,0,1,1,1,1,,,120,110,100,90,85,85,,,,120,110,100,90,85,85,,
85,הניסוי,escapers,כפר סבא,,2,6,http://www.escapers.co.il/blank-4,052-5514957,,התע'ש 24 מבנה 25 כפר סבא,32.177020,34.927410,http://tinyurl.com/znkmlsj,שרון,כפ״ס,,,,,10,10,10,10,50,50,,,,,,,,,,,,,,,,120,110,100,90,85,,,,,120,110,100,90,85,,,
86,השורד האמיתי,runout,כפר סבא,,2,8,https://www.runoutescaperoom.com/,09-887-5990,,"דרך השרון 12, מרכז שרונה, קומה 2, כפר סבא",32.173844,34.892689,http://tinyurl.com/hcg3otz,שרון,כפ״ס,,,,,10,10,10,10,,,,10,,,,,,,,,,,,,,110,83,80,76,73,71,69,,,120,107,95,90,83,79,75,
87,פרנקנשטיין,runout,כפר סבא,,2,5,https://www.runoutescaperoom.com/,09-887-5990,,"דרך השרון 12, מרכז שרונה, קומה 2, כפר סבא",32.173844,34.892689,http://tinyurl.com/hcg3otz,שרון,כפ״ס,,,,,10,10,10,10,,,,10,,,,,,,,,,,,,,110,83,80,76,,,,,,120,107,95,90,,,,
88,המסתערבים,top escape room,כפר סבא,,2,7,http://top-escape.co.il/index.php/he/%D7%97%D7%93%D7%A8%D7%99%D7%9D/%D7%9E%D7%A1%D7%AA%D7%A2%D7%A8%D7%91%D7%99%D7%9D,052-6081222,09-9575759,"הרימון 82, מושב נווה ימין, כפר סבא",32.168659,34.934813,http://tinyurl.com/hs3otnr,שרון,כפ״ס,,,,,10,10,10,10,25,25,,,10,,,,,,,,,,,,,140,100,90,80,75,75,,,,150,110,100,90,85,85,,
89,ההוביט,xcape,כפר סבא,,2,8,http://www.xcape.co.il/,054-6369863,,התעש 24 קומה 2 כפר סבא,32.177020,34.927410,http://tinyurl.com/znkmlsj,שרון,כפ״ס,,,,,,,,,,,,10,50,,,,,,,,,,,,,120,110,100,90,85,85,85,,,120,110,100,90,85,85,85,
90,"ימ""מ ",xcape,כפר סבא,,2,8,http://www.xcape.co.il/,054-6369863,,התעש 24 קומה 2 כפר סבא,32.177020,34.927410,http://tinyurl.com/znkmlsj,שרון,כפ״ס,,,,,,,,,,,,10,50,,,,,,,,,,,,,120,110,100,90,85,85,85,,,120,110,100,90,85,85,85,
91,איפה הכסף,the x perience,להבות הבשן,,2,7,http://www.x-perience-escaperooms.co.il/,054-2573979,,קיבוץ להבות הבשן,33.141218,35.647871,http://tinyurl.com/z4ho53g,צפון,גליל,,,,,10,10,10,10,,,,,,,,,,,,,,,,,,105,93,83,76,72,69,,,,120,110,100,90,83,79,,
92,בת ערובה ,60 minutes,מודיעין,,2,6,http://www.60minutes.co.il/,050-9713138,050-7130013,"המעיין 55, מודיעין",31.922035,34.966164,http://tinyurl.com/gl5fps9,,,,,,,10,10,10,10,20,20,1,,,,,,,,,,,,,,,120,100,90,80,75,,,,,120,100,90,80,75,,,
93,הבריחה משרבורג,the north escape,מחניים,,2,6,http://www.tnq.co.il/,058-7587016,,מרכז מסחרי צומת מחניים,32.990730,35.563155,http://tinyurl.com/zlmk63t,צפון,גליל,,,,,10,10,10,10,,,,,,,,,,,,,,,,,,100,95,85,80,75,,,,,120,110,100,90,85,,,
94,אבקת שריפה,brain challenge,מעונה,,2,8,http://www.brainchallenge.co.il/,052-6146002,,מושב מעונה,33.016894,35.263626,http://tinyurl.com/heaemes,צפון,גליל,,,,,10,10,10,,,,,,,,,,,,,,,,,,,100,90,80,70,70,70,70,,,120,100,90,80,80,80,80,
95,בשבי הסורי,questeam,מרחביה,,2,6,https://www.questeam.co.il/questeam-2,072-2778640,052-8090195,"דרך החרוב, קיבוץ מרחביה",32.604621,35.309881,http://tinyurl.com/jg2goes,צפון,גליל,,,,,10,10,10,10,,,,,,,,,,,,1,,1,1,,,100,90,80,70,70,,,,,125,110,100,90,90,,,
96,רוצח הרנטגן,questeam,מרחביה,,2,6,https://www.questeam.co.il/questeam-1,072-2778640,052-8090195,"דרך החרוב, קיבוץ מרחביה",32.604621,35.309881,http://tinyurl.com/jg2goes,צפון,גליל,,,,,10,10,10,10,,,,,,,,,,,,1,,1,1,,,100,90,80,70,70,,,,,125,110,100,90,90,,,
97,האוצר האבוד,trap room,נהריה,,2,6,www.traproom.co.il,053-8286151,,"לוחמי הגטאות 34, נהריה",33.001750,35.097263,http://tinyurl.com/gmh8sm6,צפון,,,,,,10,10,10,10,30,30,,,,1,1,1,1,,0,0,1,0,0,,,100,87,80,72,67,,,,,120,100,90,90,80,,,
98,הרשימה השחורה,escape mission,נס ציונה,,2,6,http://www.escape-mission.co.il/,08-9199309,,"ויצמן 30, נס ציונה",31.929902,34.799320,http://tinyurl.com/zbd2pa8,דרום,שפלה,,,,,10,10,,,10,10,1,,,,,,,,,,,,,,,100,90,80,75,70,,,,,120,110,90,80,75,,,
99,סוף העולם,reality games,נס ציונה,,2,6,http://www.realitygames.co.il/%D7%A1%D7%95%D7%A3-%D7%94%D7%A2%D7%95%D7%9C%D7%9D-2/,08-9414145,052-3331313,"האיזמל 2, נס ציונה",31.923205,34.793887,http://tinyurl.com/zqrahto,דרום,שפלה,,,,,10,10,10,,,,1,,,,,1,1,,,,1,,1,1,,120,110,100,90,80,,,,,150,110,100,90,80,,,
100,תעלומת הבית הנטוש,my real quest,נשר,,2,6,http://real-quest.co.il/,054-3005090,052-7321704,"התעשייה 37, נשר",32.773559,35.046253,http://tinyurl.com/h3ff5hf,צפון,חיפה,,,,,10,10,10,,,,1,,,,,,1,,,0,0,0,,,,125,100,95,90,85,,,,,140,110,100,95,90,,,
101,הארי פוטר,questline,נשר,,2,5,https://questline.co.il/he/booking/harry-potter.html,054-9281393,,"דרך בר יהודה 195, נשר",32.780839,35.035712,http://tinyurl.com/zemq7ze,צפון,חיפה,,,,,10,10,10,10,,,,,,1,1,0,,,,0,1,1,1,,,100,100,100,100,,,,,,,100,100,100,,,,
102,המחלקה הפסיכיאטרית,questline,נשר,,2,8,https://questline.co.il/he/booking/asylum.html,054-9281393,,"דרך בר יהודה 195, נשר",32.780839,35.035712,http://tinyurl.com/zemq7ze,צפון,חיפה,,,,,10,10,10,10,,,,,,1,1,0,,,,0,1,1,1,1,,100,100,90,80,75,70,70,,,,100,100,100,100,100,100,
103,תיק מספר 7,questline,נשר,,2,6,https://questline.co.il/he/booking/case-n-7.html,054-9281393,,"דרך בר יהודה 195, נשר",32.780839,35.035712,http://tinyurl.com/zemq7ze,צפון,חיפה,,,,,10,10,10,10,,,,,,1,1,0,,,,0,1,1,1,,,100,100,90,80,75,,,,,125,100,100,100,100,,,
104,אקסקליבר,escape challenge,נשר,,3,10,http://www.escapechallenge.co.il/room/Excalibur,054-6599678,,"התעשייה 37, נשר",32.773559,35.046253,http://tinyurl.com/h3ff5hf,צפון,חיפה,,,,,10,10,10,10,50,50,,,50,,,,,,,,,,,,,,120,120,115,110,105,105,105,,120,120,115,110,105,105,105,
105,גיבורים,brainit,נתניה,,2,6,https://brainit.co.il/f2/room/heroes/,072-3923985,,"גיבורי ישראל 24, נתניה",32.280266,34.860837,http://tinyurl.com/jke9j9t,שרון,,,2,,,10,10,,,,,1,,,,,,1,,,,,,,,,95,87,83,80,74,,,,,120,103,95,90,83,,,
106,עיירת המכשף,bxpiria,נתניה,,2,6,http://wizardtown.bxperia.co.il/,054-9546883,,"רחוב המלאכה 8 נתניה, כניסה B",32.278020,34.858482,http://tinyurl.com/hsy4tsc,שרון,,,,,,15,15,,,50,50,1,,,1,1,1,1,,1,0,1,0,1,,,120,110,100,90,80,,,,,120,110,100,90,80,,,
107,רופא שיניים,bxpiria,נתניה,,2,6,http://dentist.bxperia.co.il/,054-9546883,,"רחוב המלאכה 8 נתניה, כניסה B",32.278020,34.858482,http://tinyurl.com/hsy4tsc,שרון,,,,,,15,15,,,50,50,1,,,1,1,1,1,,1,0,1,0,1,,,100,90,85,80,75,,,,,120,100,95,90,85,,,
108,הבריחה מונציה,escape out,נתניה,,2,7,http://www.escapeout.co.il/escape-from-venice,072-3385486,,"הבונים 4, נתניה",32.280627,34.859929,http://tinyurl.com/zyw3guj,שרון,,,,,,10,10,10,10,20,20,1,10,,,,,1,,,,,1,1,1,,120,110,100,90,80,75,,,,120,110,100,90,80,75,,
109,גרוויטי (VR),escaperoom israel,נתניה,,2,6,http://www.escaperoom.co.il/netanya-vr-gravity,054-444-3386,,"גיבורי ישראל 40, נתניה",32.283191,34.861762,http://tinyurl.com/h4427rq,שרון,,,,,1,20,20,,,50,50,1,,,,,1,1,,0,,,0,1,,,120,100,90,80,80,,,,,120,100,90,80,80,,,
110,תחנת משטרה,no exit,נתניה,,2,6,http://noexit.co.il/,053-7247736,,"רחוב עמק חפר 82 כניסה 6, נתניה",32.344214,34.869420,http://tinyurl.com/hq4ankj,שרון,,,,,,15,10,15,10,,,,10,50,,,,,,,,1,,,,,100,85,80,75,70,,,,,120,105,100,95,90,,,
111,1408,placebo,נתניה,,3,7,http://p-room.co.il/,054-4484301,,"הגביש 4, כניסה א׳, נתניה",32.287671,34.861792,http://tinyurl.com/ztxb2n4,שרון,,,,,,10,10,10,10,20,20,,,,,,,,,,,,,,,,120,110,100,90,80,,,,,120,110,100,90,80,,,
112,מקדש אנוביס,puzzle box,נתניה,,2,7,http://puzzlebox.co.il/he/%D7%A8%D7%90%D7%A9%D7%99/,0502727436,,"אורט 14, נתניה",32.316873,34.876243,http://tinyurl.com/gvmu8qz,שרון,,,,,,10,10,10,10,30,30,1,10,100,,,,,,,,,,,,,120,110,100,90,80,80,,,,120,110,100,90,85,80,,
113,בריחה מתחנת החלל,virtual world,נתניה,,1,4, https://www.virtualworld.co.il/,050-4735888,,"שדרות גיבורי ישראל 5, נתניה",32.275469,34.860003,http://tinyurl.com/zkzo5ek,שרון,,,,,1,,,,,,,1,,,,,,,,,,,,1,,150,140,120,110,,,,,,150,140,120,110,,,,,
114,פנו את החדר,virtual world,נתניה,,1,4, https://www.virtualworld.co.il/,050-4735888,,"שדרות גיבורי ישראל 5, נתניה",32.275469,34.860003,http://tinyurl.com/zkzo5ek,שרון,,,,,1,,,,,,,1,,,,,,,,,,,,1,,150,140,120,110,,,,,,150,140,120,110,,,,,
115,קיצוצים בתקציב,virtual world,נתניה,,1,4, https://www.virtualworld.co.il/,050-4735888,,"שדרות גיבורי ישראל 5, נתניה",32.275469,34.860003,http://tinyurl.com/zkzo5ek,שרון,,,,,1,,,,,,,1,,,,,,,,,,,,1,,150,140,120,110,,,,,,150,140,120,110,,,,,
116,מחנה 23,breakout,פתח תקווה,,4,7,http://breakout.co.il/%D7%9E%D7%97%D7%A0%D7%94-23/,03-6193464,,"אפעל 23, כניסה ב׳, פתח תקווה",32.095162,34.847053,http://tinyurl.com/hlqddxt,מרכז,פ״ת,,2,,,10,10,10,10,50,50,1,10,100,0,1,,,,1,1,1,1,1,1,,,,120,115,110,105,,,,,,120,115,110,105,,
117,חטופים בתאילנד,dr. mind,פתח תקווה,,2,6,http://drmind.co.il/?app=treatment&id=9,050-8504480,," הנחשון 17ב', פתח תקווה",32.107362,34.895322,http://tinyurl.com/hkq2oge,מרכז,פ״ת,,,,,,,,,,,,,,,,,,,,,,,,,,100,90,85,80,75,,,,,120,100,90,88,80,,,
118,הפירמידה,esc rooms,פתח תקווה,,2,7,http://escrooms.co.il/,054-9728070,,"הרכש 1, פתח תקווה",32.093827,34.861864,http://tinyurl.com/j4fn4ac,מרכז,פ״ת,,,,,,,,,,,1,,,,,,,,,,,,,,,100,100,75,70,67,64,,,,125,117,88,80,75,71,,
119,שיקאגו,esc rooms,פתח תקווה,,2,7,http://escrooms.co.il/,054-9728070,,"הרכש 1, פתח תקווה",32.093827,34.861864,http://tinyurl.com/j4fn4ac,מרכז,פ״ת,,,,,,,,,,,1,,,,,,,,,,,,,,,100,100,75,70,67,64,,,,125,117,88,80,75,71,,
120,הנגאובר,escaperoom israel,פתח תקווה,,2,7,http://www.escaperoom.co.il/petah-tikva-hangover,079-932-2224,,"המפלסים 6, פתח תקווה",32.100295,34.861769,http://tinyurl.com/jam79lv,מרכז,פ״ת,,,,,20,20,,,,,1,,,,,1,0,0,0,,,,1,,,120,100,90,80,80,80,,,,120,100,90,80,80,80,,
121,שגרירות במצור,freedom,פתח תקווה,,2,5,https://www.freedomescape.co.il/,077-6704655,,"אפעל 24, פתח תקווה",32.096371,34.847809,http://tinyurl.com/zsv6dnw,מרכז,פ״ת,,,,,10,10,,,10,10,1,,,,,,1,,0,,,,,,,120,100,90,80,,,,,,120,100,90,80,,,,
122,איזור 51,freedom,פתח תקווה,,3,6,https://www.freedomescape.co.il/,077-6704655,,"אפעל 24, פתח תקווה",32.096371,34.847809,http://tinyurl.com/zsv6dnw,מרכז,פ״ת,,,,,10,10,,,10,10,1,,,,,,1,,0,,,,,,,120,100,90,80,,,,,,120,100,90,80,,,,
123,המלך ארתור,quest & quest,פתח תקווה,,2,6,http://www.escaperoom-quest.co.il/%D7%94%D7%9E%D7%9C%D7%9A-%D7%90%D7%A8%D7%AA%D7%95%D7%A8/,054-7426800,,"הנחשון 17, פתח תקווה",32.107362,34.895322,http://tinyurl.com/hkq2oge,מרכז,פ״ת,,,,,15,15,10,10,50,50,1,10,,,,,,,,,,,,,,100,90,85,80,75,,,,,120,103,95,88,82,,,
124,בצלמו של רוצח,skull club,פתח תקווה,,2,5,http://hertk.com/,054-2221606,050-7108861,"הלפיד 5, פתח תקווה",32.091758,34.854921,http://tinyurl.com/zf7g6af,מרכז,פ״ת,,,,,,,,,,,,,,,,,,,,,,,,,,110,100,90,80,,,,,,120,110,100,90,,,,
125,X זון,galil zone,קיבוץ עמיר,,2,6,www.galilzone.com,055-9771911,04-6954243,קיבוץ עמיר,33.177726,35.619831,http://tinyurl.com/hgvmag7,צפון,גליל,,,,,10,,,,,,0,0,0,,,,,,,,,,1,,,100,90,80,74,70,,,,,115,110,100,90,85,,,
126,אובססיה,sherlocked,קצרין,,2,6,https://sherlocked.co.il/escape_rooms/perfume-the-obsession/,04-6990951,,"איזור תעשייה, קצרין",32.984937,35.708036,http://tinyurl.com/hwcu32n,צפון,רמת  הגולן,,,,,20,10,20,10,50,50,1,,,,,,,,,,,,,,,,,,,,,,,,,,,,,,,
127,ג׳ימניה,questplace,קרית אתא,,2,6,http://www.questplace.co.il/games/gymania/,050-8542466,,"דרך חיפה 10, קרית אתא",32.803475,35.075601,http://tinyurl.com/j5rg749,צפון,קריות,,,,,,,,,,,,,,,,,,,,0,,,,,,120,100,80,80,80,,,,,120,100,80,80,80,,,
128,קרקס האימה,lost - escape rooms,קרית ביאליק,,2,7,http://lo-st.co.il/room/horror-circus/,058-6777333,,"יוסף הלוי 3, קרית ביאליק",32.861938,35.095862,http://tinyurl.com/j4bct93,צפון,קריות,,,,,15,15,,,,,,10,,,,,,,,,,,1,,,120,110,110,100,100,100,,,,120,110,110,100,100,100,,
129,המכתב,60min escape room,קרית מוצקין,,2,6,www.60min.co.il,04-8383991,,"מכבי 5, קרית מוצקין",32.826766,35.076634,http://tinyurl.com/j2bqhyb,צפון,קריות,,,,,,,,,,,,,,,,,,,,,,,,,,100,90,80,75,70,,,,,120,110,100,90,80,,,
130,תא טרור,60min escape room,קרית מוצקין,,2,6,www.60min.co.il,04-8383991,,"מכבי 5, קרית מוצקין",32.826766,35.076634,http://tinyurl.com/j2bqhyb,צפון,קריות,,,,,,,,,,,,,,,,,,,,,,,,,,100,90,80,75,70,,,,,120,110,100,90,80,,,
131,מבצע זעפרן,inside out,ראש פינה,,2,7,http://www.insideoutroom.co.il/,04-9963755,,"המרכז להצלחות, צחר, אזה״ת ראש פינה",32.971914,35.572882,http://tinyurl.com/hxjofyb,צפון,גליל,,,,,10,10,10,10,50,50,1,10,,,,,,,0,,,,,,,120,110,100,90,80,80,,,,120,110,100,90,80,80,,
132,קארטו,inside out,ראש פינה,,2,7,http://www.insideoutroom.co.il/,04-9967755,,"המרכז להצלחות, צחר, אזה״ת ראש פינה",32.971914,35.572882,http://tinyurl.com/hxjofyb,צפון,גליל,,,,,20,20,10,10,50,50,1,10,,,,,,,0,,,,,,,120,110,100,90,80,80,,,,120,110,100,90,80,80,,
133,המעבדה של וולטר,bermuda quest,ראשון לציון,,2,4,http://www.bermuda-quest.co.il/,03-9213324,,"משה בקר 13, ראשון לציון",31.974369,34.808752,http://tinyurl.com/gu7elzd,מרכז,ראשלצ,,,,,10,10,10,10,,,,,10,,,,0,,,0,0,0,1,,,120,110,100,,,,,,,120,110,100,,,,,
134,מוות קליני,bermuda quest,ראשון לציון,,2,4,http://www.bermuda-quest.co.il/,03-9213324,,"משה בקר 13, ראשון לציון",31.974369,34.808752,http://tinyurl.com/gu7elzd,מרכז,ראשלצ,,,,,10,10,10,10,,,,,10,,,,0,,,0,0,0,1,,,135,125,115,,,,,,,135,125,115,,,,,
135,סודות דה וינצי,brainiacs quest room,ראשון לציון,,2,5,http://brainiacs.co.il/PAGE8.asp,054-2297003,,"משה בקר 15, ראשון לציון",31.975535,34.808968,http://tinyurl.com/jdhmxxg,מרכז,ראשלצ,,2,,,,,,,,,,,,,,,,,,,,,,,,,,,,,,,,,,,,,,,,
136,אני אגדה,brainit,ראשון לציון,,2,6,https://brainit.co.il/room/%D7%90%D7%A0%D7%99-%D7%90%D7%92%D7%93%D7%94/,077-3610000,,"סחרוב 10, ראשון לציון",31.991881,34.769226,http://tinyurl.com/jzy39en,מרכז,ראשלצ,,,,,10,10,10,10,,,1,,,,,,,,1,,,,1,,,120,100,90,80,80,,,,,120,100,90,80,80,,,
137,חדרו של הקוסם,brainit,ראשון לציון,,2,6,https://brainit.co.il/room/magicians-room/,077-3610000,,"סחרוב 10, ראשון לציון",31.991881,34.769226,http://tinyurl.com/jzy39en,מרכז,ראשלצ,,,,,10,10,10,10,,,1,,,,,,,,,,,,1,,,120,100,90,80,80,,,,,120,100,90,80,80,,,
138,מונסטרופוליס,brainit,ראשון לציון,,2,6,https://brainit.co.il/room/monstropolis_escape_room/,077-3610000,,"סחרוב 10, ראשון לציון",31.991881,34.769226,http://tinyurl.com/jzy39en,מרכז,ראשלצ,,,,,10,10,10,10,,,1,,,,,,,,0,,,,1,,,120,100,90,80,80,,,,,120,100,90,80,80,,,
139,אינדיאנה ג'ונס ,enigma,ראשון לציון,,2,6,http://www.enigma-escaperooms.co.il/?portfolio_page=art-week-2014-malmo,054-2280731,,"יוסף ספיר 9, ראשון לציון",31.993788,34.751875,http://tinyurl.com/gqq8rvh,מרכז,ראשלצ,,,,,10,10,10,10,10,10,,,,,,,,,,,,,,,,120,100,90,84,80,,,,,120,100,90,84,80,,,
140,משבר במעמקים,enigma,ראשון לציון,,4,8,http://www.enigma-escaperooms.co.il/?portfolio_page=uss-enigma,054-2280731,,"יוסף ספיר 9, ראשון לציון",31.993788,34.751875,http://tinyurl.com/gqq8rvh,מרכז,ראשלצ,,,,,10,10,10,10,10,10,,,,,,,,,,,,,,,,100,96,93,91,82,,,,,100,96,93,91,82,,,
141,פארק היורה,enigma,ראשון לציון,,2,7,http://www.enigma-escaperooms.co.il/?portfolio_page=vintage-vinyl-house,054-2280731,,"יוסף ספיר 9, ראשון לציון",31.993788,34.751875,http://tinyurl.com/gqq8rvh,מרכז,ראשלצ,,,,,10,10,10,10,10,10,,,,,,,,,,,,,,,,,120,105,100,100,100,,,,,120,105,100,100,100,,
142,הפבלה,escape zone,ראשון לציון,,2,6,http://www.escape-zone.co.il/he/room/favela/,08-8659970,,"לישנסקי 18, ראשון לציון",31.992031,34.766751,http://tinyurl.com/ja3g6dk,מרכז,ראשלצ,,,,,,,,,,,1,,,,,,,,,,,,,,,90,85,80,75,70,,,,,100,95,90,85,80,,,
143,קרקס זונדרנו,escape zone,ראשון לציון,,2,6,http://www.escape-zone.co.il/he/room/%D7%A7%D7%A8%D7%A7%D7%A1-%D7%96%D7%95%D7%9F-%D7%93%D7%A8%D7%A0%D7%95/,08-8659970,,"לישנסקי 18, ראשון לציון",31.992031,34.766751,http://tinyurl.com/ja3g6dk,מרכז,ראשלצ,,2,,,,,,,,,1,,,,,,,,,,,,,,,90,85,80,75,70,,,,,100,95,90,85,80,,,
144,נמלטים,escaperoom israel,ראשון לציון,,2,8,http://www.escaperoom.co.il/rishon-lezion-prison-break,079-932-2224,,"אצ""ל 6 ראשון לציון",31.988574,34.766978,http://tinyurl.com/h8j7z6c,מרכז,ראשלצ,,,,,20,20,,,50,50,1,,,,,1,1,,0,,,,1,1,,120,100,90,80,80,80,80,,,120,100,90,80,80,80,80,
145,אבודים - הבריחה מהצוהר,getout,ראשון לציון,,2,6,http://escape-getout.co.il/,076-5407556,,"ברשבסקי 33, ראשון לציון",31.973170,34.812479,http://tinyurl.com/z5czapv,מרכז,ראשלצ,,,,,10,10,10,,,,,,,,,,,,,,,,1,,,105,95,90,85,80,,,,,120,110,100,95,90,,,
146,מאחורי הקיר,golden key,ראשון לציון,,4,פ,http://www.mygoldenkey.co.il/rishon,074-7323909,,"יצחק שדה 4, ראשון לציון",31.964089,34.792567,http://tinyurl.com/j7zxpa8,מרכז,ראשלצ,,,,,10,10,,,,,,10,,,,,,,0,,1,1,,,,,,95,90,83,79,50,,,,,95,90,83,79,50,
147,בייקר סטריט,lock box,ראשון לציון,,2,6,http://lockbox.co.il/%D7%91%D7%99%D7%99%D7%A7%D7%A8-%D7%A1%D7%98%D7%A8%D7%99%D7%98/,052-8322454,03-6163338,"מנחם כהן 2, ראשון לציון",31.973505,34.812869,http://tinyurl.com/jr8c7ex,מרכז,ראשלצ,,,,,10,10,10,10,,,1,,,,,,0,,0,,,,,,,105,90,80,74,70,,,,,120,100,88,80,75,,,
148,מבצע אפולו ,lock box,ראשון לציון,,2,6,http://lockbox.co.il/%D7%90%D7%A4%D7%95%D7%9C%D7%95/,052-8322454,03-6163338,"מנחם כהן 2, ראשון לציון",31.973505,34.812869,http://tinyurl.com/jr8c7ex,מרכז,ראשלצ,,,,,10,10,10,10,,,,,,,,,0,,0,,,,,,,120,100,93,86,83,,,,,120,100,93,86,83,,,
149,המסור,lost,ראשון לציון,,2,7,http://www.lostroom.co.il/,052-5523444,,"סחרוב 17, ראשון לציון",31.991076,34.771520,http://tinyurl.com/zwqvpjw,מרכז,ראשלצ,,2,,,10,10,10,10,,,,,,1,1,0,0,,1,0,1,0,1,1,,110,100,90,80,75,70,,,,120,110,100,90,80,70,,
150,טורפדו,mistory,ראשון לציון,,2,7,http://mistory.co.il/,054-4248855,,"משה לוי 9, ראשון לציון",31.987594,34.772605,http://tinyurl.com/hols3ce,מרכז,ראשלצ,,,,,10,10,,,10,10,1,,,,,1,1,,,1,1,1,1,,,120,100,90,80,75,75,,,,120,100,90,80,75,75,,
151,התא,roomquest,ראשון לציון,,3,6,http://www.roomquest.co.il/,053-4262422,054-5854442,"סחרוב 17, ראשון לציון",31.991076,34.771520,http://tinyurl.com/zwqvpjw,מרכז,ראשלצ,,,,,,,,,,,,,50,,,,0,,1,0,0,0,1,,,110,100,90,80,75,,,,,120,110,100,90,85,,,
152,50 גוונים של אפור,shade escape,ראשון לציון,,2,7,http://shadesescape.com/,050-4055585,,"ז'בוטינסקי 48, ראשון לציון",31.967263,34.799652,http://tinyurl.com/hav4svu,מרכז,ראשלצ,,,,,,,,,,,,,,,,,0,0,,,,,1,,,100,94,90,86,84,80,,,,120,114,110,105,100,93,,
153,אנתרקס,sherlocked,ראשון לציון,,2,6,https://sherlocked.co.il/escape_rooms/anthrax/,03-6523399,,"אלטלנה 14, ראשון לציון",31.990717,34.762912,http://tinyurl.com/jhoxfjp,מרכז,ראשלצ,,,,,20,10,20,10,50,50,1,,,,,,,,1,0,1,1,1,,,110,100,90,80,75,,,,,110,100,90,80,75,,,
154,משימת שרלוק,sherlocked,ראשון לציון,,2,6,https://sherlocked.co.il/escape_rooms/sherlock_mission/,03-6523399,,"אלטלנה 14, ראשון לציון",31.990717,34.762912,http://tinyurl.com/jhoxfjp,מרכז,ראשלצ,,,,,20,10,20,10,50,50,1,,,,,,,,,0,1,1,1,,,110,100,90,80,75,,,,,110,100,90,80,75,,,
155,החתונה,tandmquest,ראשון לציון,,2,6,http://www.tandmquest.co.il/,052-8761214,058-6368005,דרך המכבים 54 ראשון לציון,31.982732,34.810201,http://tinyurl.com/zay9mgb,מרכז,ראשלצ,1,,,,10,10,10,10,30,30,1,,50,1,1,1,1,1,0,,1,1,1,,,100,90,80,75,70,,,,,110,100,90,80,75,,,
156,שובה של המומיה,twisted mind,ראשון לציון,,2,6,http://www.twistedmindescaperoom.co.il/Hotel-Roomshtml.html,050-6564136,054-8196909,"אליהו איתן 24, ראשון לציון",31.993427,34.763015,http://tinyurl.com/hm9upjt,מרכז,ראשלצ,,,,,10,10,10,10,30,30,,,,,,,,,,,,,,,,100,100,90,80,75,,,,,120,120,95,88,82,,,
157,חניבעל לקטר,twisted mind,ראשון לציון,,2,10,http://www.twistedmindescaperoom.co.il/%D7%97%D7%A0%D7%99%D7%91%D7%A2%D7%9C-%D7%9C%D7%A7%D7%98%D7%A8.html,050-6564136,054-8196909,"אליהו איתן 24, ראשון לציון",31.993427,34.763015,http://tinyurl.com/hm9upjt,מרכז,ראשלצ,,,,,10,10,10,10,30,30,,,,,,,,,,,,,,,,100,100,90,80,75,75,75,75,,120,120,95,88,82,82,82,82
158,בית חולים כללי גות'הם,cube,רחובות,,2,6,https://www.cube-israel.co.il/,08-8606551,052-8684935,"אופנהיימר 10, רחובות",31.910774,34.806935,http://tinyurl.com/jefpjj8,דרום,שפלה,,,,,20,20,,,,,,,30,,,,,,,,,,1,,,100,90,85,80,80,,,,,120,100,90,85,85,,,
159,כס הברזל,cube,רחובות,,2,6,https://www.cube-israel.co.il/,08-8606551,052-8684935,"אופנהיימר 10, רחובות",31.910774,34.806935,http://tinyurl.com/jefpjj8,דרום,שפלה,,,,,,,,,,,,,,,,,,,,,,,,,,100,90,85,80,80,,,,,120,100,90,85,85,,,
160,הכימאי,escape zone,רחובות,,2,6,http://www.escape-zone.co.il/he/room/%D7%94%D7%9B%D7%99%D7%9E%D7%90%D7%99-%D7%A8%D7%97%D7%95%D7%91%D7%95%D7%AA/,08-8659970,,"הרצל 220, רחובות",31.901845,34.809162,http://tinyurl.com/gsw6nc2,דרום,שפלה,,,,,,,,,,,1,,,,,,,,,,,,,,,90,85,80,75,70,,,,,100,95,90,85,80,,,
161,וונדרזון,escape zone,רחובות,,2,6,http://www.escape-zone.co.il/he/room/%D7%95%D7%95%D7%A0%D7%93%D7%A8-%D7%96%D7%95%D7%9F-%D7%A8%D7%97%D7%95%D7%91%D7%95%D7%AA/,08-8659970,,"הרצל 220, רחובות",31.901845,34.809162,http://tinyurl.com/gsw6nc2,דרום,שפלה,,,,,,,,,,,1,,,,,,,,,,,,,,,90,85,80,75,70,,,,,100,95,90,85,80,,,
162,גביע הקסם,exit game,רחובות,,2,6,http://www.exitgame.co.il/he/Games/6/%D7%92%D7%91%D7%99%D7%A2-%D7%94%D7%A7%D7%A1%D7%9D-%D7%A8%D7%97%D7%95%D7%91%D7%95%D7%AA,058-5565577,,"ברגמן 2, רחובות",31.981111,34.770560,http://tinyurl.com/zkyc4p7,דרום,שפלה,,,,,15,15,10,10,,,1,,,,,,1,,0,,,,,,,100,87,78,70,67,,,,,120,100,88,80,75,,,
163,היער הקסום,golden key,רחובות,,4,14,http://www.mygoldenkey.co.il/rehovot,074-7323909,,"קלמן גבריאלוב 39, רחובות",31.888323,34.784106,http://tinyurl.com/gl338bp,דרום,שפלה,,,,,10,10,,,,,,10,,,,,,,0,,1,1,,,,,,95,90,83,79,50,50,,,,95,90,83,79,50,50
164,הצוללת,golden key,רחובות,,2,7,http://www.mygoldenkey.co.il/rehovot,074-7323909,,"קלמן גבריאלוב 39, רחובות",31.888323,34.784106,http://tinyurl.com/gl338bp,דרום,שפלה,,,,,10,10,,,,,,10,,,,,,,0,,1,1,,,,125,100,95,90,83,79,,,,125,100,95,90,83,79,,
165,חדרו של פרופסור רובינשטיין,golden key,רחובות,,2,7,http://www.mygoldenkey.co.il/rehovot,074-7323909,,"קלמן גבריאלוב 39, רחובות",31.888323,34.784106,http://tinyurl.com/gl338bp,דרום,שפלה,,,,,10,10,,,,,,10,,,,,,,0,,1,1,,,,125,100,95,90,83,79,,,,125,100,95,90,83,79,,
166,הבריחה משבי הטרוריסטים,escaperoom israel,רמת גן,,2,4,http://www.escaperoom.co.il/ramat-gan-escape-from-terrorists,079-932-2224,,"בצלאל 12, רמת גן",32.086585,34.801393,http://tinyurl.com/hzdrwzq,מרכז,ר״ג,,,,,20,20,,,50,50,1,,,,,1,1,,0,,,,1,1,,120,100,90,90,,,,,,120,100,90,90,,,,
167,הנוגדן,exit room,רמת גן,,2,5,http://exitroom.co.il/rooms/antidote-mission-2/?lang=he,054-2870767,,"דרך זאב ז'בוטינסקי 83, רמת גן",32.087548,34.813153,http://tinyurl.com/hnrxumw,מרכז,ר״ג,,,,,10,10,,,10,10,1,,,1,1,1,1,,0,,0,,1,1,,120,100,88,80,,,,,,120,100,88,80,,,,
168,שחור לבן,exit room,רמת גן,,2,4,http://exitroom.co.il/rooms/black-and-white-2/?lang=he,054-4229904,,"דרך זאב ז'בוטינסקי 79, רמת גן",32.087537,34.812890,http://tinyurl.com/gphecle,מרכז,ר״ג,,,,,10,10,,,10,10,1,,,1,1,1,1,,0,,0,,1,1,,120,100,88,,,,,,,120,100,88,,,,,
169,אוצר ירושלמי,step by step,רמת גן,,2,5,http://stepbystep.org.il/,053-3065608,,"ז'בוטינסקי 77, רמת גן",32.087360,34.812603,http://tinyurl.com/jtrnsbe,מרכז,ר״ג,,,,,20,20,10,10,30,30,,,,,,1,,,,0,1,1,1,,,100,90,80,70,,,,,,120,100,90,80,,,,
170,ארוויזיון 2020,emequest,רמת ישי,,2,7,http://www.emequest.com/he/escape-rooms/10,054-9120906,,"רחוב הצפצפה 1, בניין ישי סנטר קומה 1, אזה״ת רמת ישי",32.706662,35.174221,http://tinyurl.com/hh65cuw,צפון,גליל,,,,,10,10,,50,50,,,,,,,,,,,,,,1,,,125,75,70,70,70,65,,,,125,100,88,80,75,70,,
171,המערב הפרוע,emequest,רמת ישי,,2,7,http://www.emequest.com/he/escape-rooms/16,054-9120906,,"רחוב הצפצפה 1, בניין ישי סנטר קומה 1, אזה״ת רמת ישי",32.706662,35.174221,http://tinyurl.com/hh65cuw,צפון,גליל,,,,,10,10,,50,50,,,,,,,,,,,,,,1,,,125,75,70,70,70,65,,,,125,100,88,80,75,70,,
172,מצילים את הפנתר הורוד,emequest,רמת ישי,,2,7,http://www.emequest.com/he/escape-rooms/15,054-9120906,,"רחוב הצפצפה 1, בניין ישי סנטר קומה 1, אזה״ת רמת ישי",32.706662,35.174221,http://tinyurl.com/hh65cuw,צפון,גליל,,,,,10,10,,50,50,,,,,,,,,,,,,,1,,,125,75,70,70,70,65,,,,125,100,88,80,75,70,,
173,כור גרעיני,exit room,רמת ישי,,2,5,http://exitroom.co.il/rooms/reactor/,055-9949935,,"הדקל 2, רמת ישי",32.705769,35.172576,http://tinyurl.com/jjz6ehq,צפון,גליל,,,,,10,10,,,10,10,1,,,,,,,,,0,,0,1,,,120,100,90,80,80,80,,,,120,100,90,80,80,80,,
174,הבקתה ביער,brain escape,רעננה,,2,8,http://www.brainescape.co.il/,058-6015588,,רחוב המלאכה 4 רעננה,32.197757,34.878455,http://tinyurl.com/zbkzrpx,שרון,,,,,,10,10,,,,,,10,,,,,1,1,,,,,0,,,100,93,88,80,75,71,68,,,110,100,90,84,78,75,72,
175,שוד היהלום,breakaway,רעננה,,2,8,http://www.breakaway.co.il/,054-6873562,054-8087303,"הנופר 3, רעננה",32.194382,34.883146,http://tinyurl.com/zz8echx,שרון,,,,,,15,15,10,10,,,,,20,,,,,,0,0,,0,,,,105,95,85,80,75,75,75,,,110,100,90,85,80,80,80,
176,פארמר ג'ון,getaway,רעננה,,2,6,http://www.get-away.co.il/Room/8,09-9552277,,"היצירה 10, רעננה",32.195117,34.876549,http://tinyurl.com/hys555q,שרון,,,,,,15,15,10,10,50,50,,,,,,,,,,,,,1,,,120,100,90,80,75,,,,,130,110,100,90,80,,,
177,הקונקשן,getaway,רעננה,,2,6,http://www.get-away.co.il/Room/7,09-9552277,,"היצירה 10, רעננה",32.195117,34.876549,http://tinyurl.com/hys555q,שרון,,,,,,15,15,10,10,50,50,,,,,,,,,,,,,1,,,120,100,90,80,75,,,,,130,110,100,90,80,,,
178,הסטודנט,getaway,רעננה,,2,6,http://www.get-away.co.il/Room/6,09-9552277,,"היצירה 10, רעננה",32.195117,34.876549,http://tinyurl.com/hys555q,שרון,,,,,,15,15,10,10,50,50,,,,,,,,,,,,,1,,,120,100,90,80,75,,,,,130,110,100,90,80,,,
179,מבצע זעפרן,inside out,רעננה,,2,7,http://www.insideoutroom.co.il/%D7%9E%D7%91%D7%A6%D7%A2-%D7%96%D7%A2%D7%A4%D7%A8%D7%9F.html,054-9926443,,"היצירה 13, רעננה",32.194840,34.876769,http://tinyurl.com/jsbkhg8,שרון,,,,,,10,10,10,10,50,50,,10,,,,,,,0,,,,1,1,,120,110,100,90,85,80,,,,120,110,100,90,85,80,,
180,מבצע לוויתן,inside out,רעננה,,2,7,http://www.insideoutroom.co.il/%D7%9E%D7%91%D7%A6%D7%A2-%D7%9C%D7%95%D7%95%D7%99%D7%AA%D7%9F.html,09-8917917,,"היצירה 11, רעננה",32.194862,34.877062,http://tinyurl.com/h4vgl8m,שרון,,,,,,10,10,10,10,50,50,,10,,,,,,,0,0,,,1,,,120,110,100,90,85,80,,,,120,110,100,90,85,85,,
181,קארטו,inside out,רעננה,,2,7,http://www.insideoutroom.co.il/%D7%A7%D7%90%D7%A8%D7%98%D7%95.html,09-8917917,,"היצירה 11, רעננה",32.194862,34.877062,http://tinyurl.com/h4vgl8m,שרון,,,,,,10,10,10,10,50,50,,10,,,,,,,0,1,,,1,1,,120,110,100,90,85,80,,,,120,110,100,90,85,80,,
182,הגביש,iq factor,רעננה,,2,6,http://iqfactor.co.il/,053-7817881,,"התעשייה 15, רעננה",32.196415,34.878786,http://tinyurl.com/hxmbetq,שרון,,,,,,10,10,10,10,,,,,50,,,,1,,,,1,1,1,,,120,110,100,90,85,,,,,120,110,100,90,85,,,
183,מימד אלפא,iq factor,רעננה,,2,7,http://iqfactor.co.il/,053-7817881,,"התעשייה 15, רעננה",32.196415,34.878786,http://tinyurl.com/hxmbetq,שרון,,,,,,10,10,10,10,,,,,50,,,,1,,,,1,1,1,,,120,110,100,90,85,80,,,,120,110,100,90,85,80,,
184,המסתור של הקוסם,magus,רעננה,,2,5,https://live.vcita.com/site/hakosem?o=cHJvZmlsZV9wYWdl,09-7460957,,"פרדס משותף 5א, רעננה",32.173914,34.872523,http://tinyurl.com/zmz5bhs,שרון,,,,,,,,,,,,,,,,,,,,,,,,,,,120,120,120,120,,,,,,120,120,120,120,,,,
185,וודו,questime,רעננה,,2,7,http://questime.co.il/,055-9661352,,"הסדנא 13, רעננה",32.194495,34.879017,http://tinyurl.com/gtckfsv,שרון,,,,,,10,10,10,10,,,1,10,,,,,,,,,,,,,,120,110,100,90,80,80,,,,120,110,100,90,80,80,,
186,מערת הפלאים,storyrooms,רעננה,,2,6,http://www.story-rooms.com/,058-7117703,,"הסדנא 11, רעננה",32.194678,34.878995,http://tinyurl.com/hcdkg72,שרון,,,,,,10,10,10,10,,,,,,,,1,1,,,1,1,,,,,110,90,80,75,70,,,,,120,100,90,80,75,,,
187,מנהרת כורי הפחם,2exit,תל אביב,,2,6,http://2exit.co.il/#story,058-405-6678,,"יצחק שדה 32, תל אביב",32.065084,34.787363,http://tinyurl.com/zywbrge,מרכז,ת״א,,,,,10,10,10,10,10,10,,10,,,,,,,,,,,,,,100,95,90,80,75,,,,,120,110,100,90,85,,,
188,בקתת הפיראט,בית הקווסט,תל אביב,,2,6,http://www.beithaquest.co.il/pirate,03-5535585,,"מנורת המאור 3, תל אביב",32.074490,34.796360,http://tinyurl.com/zksp6wm,מרכז,ת״א,,,,,,,,,,,,10,,,,,,,,,,,,,,120,93,90,80,73,,,,,140,107,90,80,73,,,
189,יציאת מצרים,בית הקווסט,תל אביב,,2,4,http://www.beithaquest.co.il/itcia,03-5535585,,"מנורת המאור 3, תל אביב",32.074490,34.796360,http://tinyurl.com/zksp6wm,מרכז,ת״א,,,,,,,,,,,,10,,,,,,,,,,,,,,120,93,80,,,,,,,140,107,90,,,,,
190,מכון פתולוגי,בית הקווסט,תל אביב,,2,6,http://www.beithaquest.co.il/mahon-patologi,03-5535585,,"מנורת המאור 3, תל אביב",32.074490,34.796360,http://tinyurl.com/zksp6wm,מרכז,ת״א,,,,,,,,,,,,10,,,,,,,,,,,,,,120,93,90,80,73,,,,,140,107,90,80,73,,,
191,רדיו אקטיבי,בית הקווסט,תל אביב,,2,6,http://www.beithaquest.co.il/stalker,03-5535585,,"מנורת המאור 3, תל אביב",32.074490,34.796360,http://tinyurl.com/zksp6wm,מרכז,ת״א,,,,,,,,,,,,10,,,,,,,,,,,,,,120,93,90,80,73,,,,,140,107,90,80,73,,,
192,שוד הקזינו,בית הקווסט,תל אביב,,2,6,http://www.beithaquest.co.il/casino-zero,03-5535585,,"מנורת המאור 3, תל אביב",32.074490,34.796360,http://tinyurl.com/zksp6wm,מרכז,ת״א,,,,,,,,,,,,10,,,,,,,,,,,,,,120,93,90,80,73,,,,,140,107,90,80,73,,,
193,נקודת הג׳י,braineffect,תל אביב,,2,6,http://braineffect.co.il/g/,03-6503754,,בזל 34 תל אביב,32.089867,34.779159,http://tinyurl.com/zfmbbzo,מרכז,ת״א,,,,,15,15,,,,,,,,,,,0,,,,,,,,,105,100,95,90,,,,,,105,100,95,90,,,,
194,אלם סטריט,brainit,תל אביב,,3,7,https://brainit.co.il/f5/room/elm-street-escape-room/,054-7367651,,"הרכבת 22, תל אביב",32.063342,34.778518,http://tinyurl.com/zvqf4k5,מרכז,ת״א,,,,,10,10,10,10,,,1,,,1,1,0,0,,1,0,0,0,1,1,,,120,110,100,100,100,,,,120,110,100,100,100,,,
195,אמפריית הפשע,brainit,תל אביב,,2,6,https://brainit.co.il/room/boardwalk_empire/,077-3610000,,"שמעון בן שטח 9 , תל אביב",32.055527,34.758049,http://tinyurl.com/hl7uton,מרכז,ת״א,,,,,10,10,10,10,,,1,,,1,1,1,1,,1,0,1,1,1,,,120,100,90,80,80,,,,,120,100,90,80,80,,,
196,לכודים,brainit,תל אביב,,2,6,https://brainit.co.il/room/trapped/,077-3610000,,"שמעון בן שטח 9 , תל אביב",32.055527,34.758049,http://tinyurl.com/hl7uton,מרכז,ת״א,,,,,10,10,10,10,,,1,,,1,1,1,1,,,0,0,1,1,1,,120,100,90,80,80,,,,,120,100,90,80,80,,,
197,תחנת חלל אלטראיר,brainit,תל אביב,,2,4,https://brainit.co.il/f4/room/altair_escape_room/,054-5876238,,"הרכבת 22, תל אביב",32.063342,34.778518,http://tinyurl.com/zvqf4k5,מרכז,ת״א,,,,,10,10,10,10,,,1,,,1,0,1,1,,0,0,0,0,1,1,,125,105,100,,,,,,,125,105,100,,,,,
198,אטלנטיס - העיר האבודה,escape city,תל אביב,,2,6,https://escapecity.com/room/%D7%90%D7%98%D7%9C%D7%A0%D7%98%D7%99%D7%A1-%D7%94%D7%A2%D7%99%D7%A8-%D7%94%D7%90%D7%91%D7%95%D7%93%D7%94/,03-6566102,,"בן יהודה 32, תל אביב",32.076506,34.768273,http://tinyurl.com/zf82q8a,מרכז,ת״א,,,,,,,,,,,,,,,,,,,,,,0,,,,120,110,100,80,67,,,,,120,110,100,80,67,,,
199,בשבי האויב,escape city,תל אביב,,2,4,https://escapecity.com/room/%D7%97%D7%98%D7%95%D7%A4%D7%99%D7%9D-%D7%91%D7%A9%D7%91%D7%99-%D7%94%D7%90%D7%95%D7%99%D7%91/,03-6566102,,"בן יהודה 32, תל אביב",32.076506,34.768273,http://tinyurl.com/zf82q8a,מרכז,ת״א,,,,,,,,,,,,,,,,,,,,1,,,,,,120,110,100,,,,,,,120,110,100,,,,,
200,החורף מגיע - משחקי הכס,escape city,תל אביב,,2,6,https://escapecity.com/room/%D7%94%D7%97%D7%95%D7%A8%D7%A3-%D7%9E%D7%92%D7%99%D7%A2/,03-6566102,,"בן יהודה 32, תל אביב",32.076506,34.768273,http://tinyurl.com/zf82q8a,מרכז,ת״א,,,,,,,,,,,,,,,,,,,,0,,0,,,,120,110,100,80,67,,,,,120,110,100,80,67,,,
201,המסור,escape city,תל אביב,,3,6,https://escapecity.com/room/%D7%94%D7%9E%D7%A1%D7%95%D7%A8/,03-6566102,,"בן יהודה 32, תל אביב",32.076506,34.768273,http://tinyurl.com/zf82q8a,מרכז,ת״א,,,,,,,,,,,,,,,,,0,,,0,,0,,,,,110,100,80,67,,,,,,110,100,80,67,,,
202,המקדש הארור,escape city,תל אביב,,2,6,https://escapecity.com/room/%D7%94%D7%9E%D7%A7%D7%93%D7%A9-%D7%94%D7%90%D7%A1%D7%95%D7%A8-%D7%A9%D7%9C-%D7%9E%D7%95%D7%A0%D7%98%D7%96%D7%95%D7%9E%D7%94/,03-6566102,,"בן יהודה 32, תל אביב",32.076506,34.768273,http://tinyurl.com/zf82q8a,מרכז,ת״א,,,,,,,,,,,,,,,,,0,,,0,,,,,,120,110,100,80,67,,,,,120,110,100,80,67,,,
203,מבוך האלים,escape city,תל אביב,,2,6,https://escapecity.com/room/alchemists-chamber/,03-6566102,,"בן יהודה 32, תל אביב",32.076506,34.768273,http://tinyurl.com/zf82q8a,מרכז,ת״א,,,,,,,,,,,,,,,,,0,,,0,,0,,,,120,110,100,80,67,,,,,120,110,100,80,67,,,
204,מלחמת האבירים - החרב המכושפת,escape city,תל אביב,,2,6,https://escapecity.com/room/%D7%A4%D7%A0%D7%98%D7%96%D7%9E%D7%94/,03-6566102,,"בן יהודה 32, תל אביב",32.076506,34.768273,http://tinyurl.com/zf82q8a,מרכז,ת״א,,,,,,,,,,,,,,,,,,,,0,,0,,,,120,110,100,80,67,,,,,120,110,100,80,67,,,
205,צ'ארלי בממלכת השוקולד,escape city,תל אביב,,2,6,https://escapecity.com/room/%D7%A6%D7%B3%D7%90%D7%A8%D7%9C%D7%99-%D7%91%D7%9E%D7%9E%D7%9C%D7%9B%D7%AA-%D7%94%D7%A9%D7%95%D7%A7%D7%95%D7%9C%D7%93/,03-6566102,,"בן יהודה 32, תל אביב",32.076506,34.768273,http://tinyurl.com/zf82q8a,מרכז,ת״א,,,,,,,,,,,,,,,,,1,,,1,0,1,,,,120,110,100,80,67,,,,,120,110,100,80,67,,,
206,קללת המומיה,escape city,תל אביב,,2,6,https://escapecity.com/room/%D7%A7%D7%91%D7%A8%D7%95-%D7%A9%D7%9C-%D7%AA%D7%95%D7%AA-%D7%A2%D7%A0%D7%97-%D7%90%D7%9E%D7%95%D7%9F/,03-6566102,,"בן יהודה 32, תל אביב",32.076506,34.768273,http://tinyurl.com/zf82q8a,מרכז,ת״א,,,,,,,,,,,,,,,,,,,,1,,,,,,120,110,100,80,67,,,,,120,110,100,80,67,,,
207,שודדי הקאריבים,escape city,תל אביב,,2,6,https://escapecity.com/room/%D7%A9%D7%95%D7%93%D7%93%D7%99-%D7%94%D7%A7%D7%90%D7%A8%D7%99%D7%91%D7%99%D7%99%D7%9D/,03-6566102,,"בן יהודה 32, תל אביב",32.076506,34.768273,http://tinyurl.com/zf82q8a,מרכז,ת״א,,,,,,,,,,,,,,,,,,,,0,,,,,,120,110,100,80,67,,,,,120,110,100,80,67,,,
208,קגב,escape game israel,תל אביב,,2,7,http://www.escape-game.co.il/,055-6688441,,"קרליבך 3, תל אביב",32.066216,34.783641,http://tinyurl.com/hfzscja,מרכז,ת״א,,2,,,,,,,50,50,,,,,,,1,,0,,,1,1,1,,135,115,105,95,87,80,,,,135,115,105,95,87,80,,
209,המסדר האפל,escape tlv,תל אביב,,2,6,http://escapetlv.co.il/,053-6210163,,"נחלת בנימין 68, תל אביב",32.061317,34.772398,http://tinyurl.com/hkqmbe9,מרכז,ת״א,,,,,10,10,10,10,50,50,,,,,,1,,,,,,,1,,,100,95,90,80,75,,,,,125,105,95,85,80,,,
210,חדרו של המרגל הסורי,escapeit,תל אביב,,2,6,http://www.escapeit.co.il/#!rooms/c164g,03-5040830,,"תוצרת הארץ 16, תל אביב",32.072414,34.797203,http://tinyurl.com/h7kjuag,מרכז,ת״א,,2,,,20,20,20,20,50,50,1,,,1,1,1,0,,0,,1,1,1,1,,125,110,100,95,95,,,,,125,110,100,95,95,,,
211,ספייס,escapeit,תל אביב,,,,http://www.escapeit.co.il/%D7%94%D7%96%D7%9E%D7%A0%D7%95%D7%AAspace/,03-5040830,,"תוצרת הארץ 16, תל אביב",32.072414,34.797203,http://tinyurl.com/h7kjuag,מרכז,ת״א,,,,,20,20,20,20,50,50,1,,,,,,,,,,,,,,,125,110,100,95,95,,,,,125,110,100,95,95,,,
212,גרוויטי (VR),escaperoom israel,תל אביב,,2,6,http://www.escaperoom.co.il/tel-aviv-vr-gravity,079-932-2224,,"בית הלל 7, תל אביב",32.069571,34.789852,http://tinyurl.com/hxp8a3o,מרכז,ת״א,,,,1,20,20,,,50,50,1,,,,,1,1,,0,,,0,1,,,120,100,90,80,80,,,,,120,100,90,80,80,,,
213,הוטל קליפורניה,escaperoom israel,תל אביב,,2,6,http://www.escaperoom.co.il/tel-aviv-hotel-california,079-932-2224,,"בית הלל 16, תל אביב",32.069419,34.790410,http://tinyurl.com/z4cymq4,מרכז,ת״א,,,,,20,20,,,50,50,1,,,,,1,1,,1,,,,1,,,120,100,90,80,80,,,,,120,100,90,80,80,,,
214,המיונים למוסד,escaperoom israel,תל אביב,,2,6,http://www.escaperoom.co.il/tel-aviv-mossad,079-932-2224,,"איסרליש 2, תל אביב",32.071723,34.790011,http://tinyurl.com/hy85gv9,מרכז,ת״א,,2,,,20,20,,,50,50,1,,,,,1,1,,0,,,,1,,,120,100,90,80,80,,,,,120,100,90,80,80,,,
215,טיטאניק,escaperoom israel,תל אביב,,2,5,http://www.escaperoom.co.il/tel-aviv-titanic,079-932-2224,,"בית הלל 7, תל אביב",32.069571,34.789852,http://tinyurl.com/hxp8a3o,מרכז,ת״א,,,,,20,20,,,50,50,1,,,1,1,1,1,,0,,,,1,,,120,100,90,80,,,,,,120,100,90,80,,,,
216,שוד המאה ,escaperoom israel,תל אביב,,2,6,http://www.escaperoom.co.il/tel-aviv-the-robbery-of-the-century,079-932-2224,,"גרשון 30, תל אביב",32.068862,34.790262,http://tinyurl.com/zlvvopy,מרכז,ת״א,,2,,,,,,,,,,,,1,1,1,1,,0,,,,1,1,,120,100,90,80,80,,,,,120,100,90,80,80,,,
217,שר הטבעות,escapism,תל אביב,,2,6,http://escapism.co.il/room/%D7%A0%D7%A7%D7%9E%D7%AA%D7%95-%D7%A9%D7%9C-%D7%A1%D7%90%D7%A8%D7%95%D7%9E%D7%9F/,077-5023008,,"אלנבי 119, תל אביב",32.061470,34.773771,http://tinyurl.com/jaho5ue,מרכז,ת״א,,,,,,,,,50,50,1,,50,1,1,1,1,,1,0,1,0,1,,,120,110,100,90,85,,,,,135,110,100,90,85,,,
218,אימג'נריום,exit room,תל אביב,,2,4,http://exitroom.co.il/rooms/imaginarium-2-2/?lang=he,054-9557666,,"אבולעפיה 23, תל אביב",32.052181,34.769319,http://tinyurl.com/hjjx4vt,מרכז,ת״א,,,,,10,10,,,10,10,1,,,1,1,1,1,,,0,,1,1,1,,120,100,88,,,,,,,120,100,88,,,,,
219,אמנזיה,exit room,תל אביב,,3,6,http://exitroom.co.il/rooms/amnesia/?lang=he,058-6669622,,"גרוזנברג 9, תל אביב",32.065010,34.768537,http://tinyurl.com/jnqf9cf,מרכז,ת״א,,,1,,10,10,,,10,10,1,,,1,1,1,0,,,0,,1,1,1,,,137,118,104,98,94,90,,,,137,118,104,98,94,90,
220,הבית הרדוף,exit room,תל אביב,,2,6,http://exitroom.co.il/rooms/haunted-house-2/?lang=he,053-5224340,,"אלנבי 65, תל אביב יפו",32.068032,34.771126,http://tinyurl.com/gp4jn4s,מרכז,ת״א,1,,,,10,10,,,10,10,1,,,1,1,1,1,,,1,,1,1,,,120,100,88,80,78,,,,,120,100,88,80,78,,,
221,עונש מוות,exit room,תל אביב,,2,3,http://exitroom.co.il/rooms/capital_punishment-2/?lang=he,053-5224340,,"אלנבי 65, תל אביב יפו",32.068032,34.771126,http://tinyurl.com/gp4jn4s,מרכז,ת״א,1,,,,10,10,,,10,10,1,,,1,1,1,1,,,1,,1,1,1,,100,87,,,,,,,,100,87,,,,,,
222,עיר החוטאים,exit room,תל אביב,,3,8,http://exitroom.co.il/rooms/city-s-3-2-2/?lang=he,058-7063046,,"אידלסון 7, תל אביב",32.074082,34.767795,http://tinyurl.com/jm5h9xf,מרכז,ת״א,,,1,,10,10,,,10,10,1,,,1,1,1,0,,,1,,1,1,1,,,137,118,104,98,94,90,,,,137,118,104,98,94,90,
223,רוצח סדרתי,exit room,תל אביב,,2,6,http://exitroom.co.il/rooms/maniacs-shelter/?lang=he,054-9557666,,"אבולעפיה 23, תל אביב",32.052181,34.769319,http://tinyurl.com/hjjx4vt,מרכז,ת״א,,,,,10,10,,,10,10,1,,,1,1,1,1,,,0,,1,1,,,120,100,88,80,78,,,,,120,100,88,80,78,,,
224,תיבת פנדורה,exit room,תל אביב,,2,4,http://exitroom.co.il/rooms/pandora/?lang=he,053-5224340,,"אלנבי 65, תל אביב יפו",32.068032,34.771126,http://tinyurl.com/gp4jn4s,מרכז,ת״א,1,,,,10,10,,,10,10,1,,,1,1,1,1,,,1,,1,1,,,120,100,88,,,,,,,120,100,88,,,,,
225,המעבדה הסודית,locked,תל אביב,,2,6,http://www.locked-games.com/the-secret-lab-escaperoom-heb,03-3741695,,"טשרניחובסקי 26, תל אביב",32.074242,34.773065,http://tinyurl.com/h5s9uzc,מרכז,ת״א,,,,,10,10,,,50,50,1,,,1,0,1,1,,0,0,1,0,1,1,,100,95,90,84,80,,,,,120,110,100,94,90,,,
226,הפשע,locked,תל אביב,,2,6,http://www.locked-games.com/the-crime-escaperoom-heb,03-3741695,,"טשרניחובסקי 26, תל אביב",32.074242,34.773065,http://tinyurl.com/h5s9uzc,מרכז,ת״א,,,,,10,10,,,50,50,1,,,1,0,1,1,,0,0,1,0,1,1,,100,95,90,84,80,,,,,120,110,100,94,90,,,
227,טסיס 2.0,locked,תל אביב,,2,6,http://www.locked-games.com/tesys,03-3741695,,"הפלך 3, תל אביב",32.050464,34.765836,http://tinyurl.com/zwcvr8n,מרכז,ת״א,,,,,10,10,,,50,50,1,,,1,0,1,1,,0,,,,,1,,100,95,90,84,80,,,,,120,110,100,94,90,,,
228,סודו של הודיני,locked,תל אביב,,2,6,http://www.locked-games.com/houdini,03-3741695,,"הפלך 3, תל אביב",32.050464,34.765836,http://tinyurl.com/zwcvr8n,מרכז,ת״א,,,,,10,10,,,50,50,1,,,,,,,,,,,,,,,100,95,90,84,80,,,,,120,110,100,94,90,,,
229,מסע בזמן,locked,תל אביב,,2,6,http://www.locked-games.com/time-travel-escaperoom,03-3741695,,"גבעון 18, תל אביב",32.069811,34.785325,http://tinyurl.com/zelj3jp,מרכז,ת״א,,,,,10,10,,,50,50,1,,,,,,,,,,,,,,,100,95,90,84,80,,,,,120,110,100,94,90,,,
230,לכודים בזמן,mindrush,תל אביב,,2,6,http://www.mindrush.co.il,054-3945120,,"נירים 10, תל אביב",32.063019,34.790710,http://tinyurl.com/zexdjpu,מרכז,ת״א,,,,,15,15,10,10,50,50,1,,,,,,,,,0,1,1,1,,,110,100,90,85,75,,,,,120,105,95,90,80,,,
231,ספר סודות היקום,mystic room,תל אביב,,2,6,http://mysticroom.co.il/,073-7280200,,"יוסף קארו 19, תל אביב",32.070727,34.791319,http://tinyurl.com/jqrc92o,מרכז,ת״א,,,,,10,10,10,10,50,50,,10,10,1,1,1,1,,1,1,1,1,1,,,100,90,80,76,73,,,,,120,110,100,94,90,,,
232,קללת הפרעונים ,mystic room,תל אביב,,2,6,http://mysticroom.co.il/,073-7280200,,"יוסף קארו 19, תל אביב",32.070727,34.791319,http://tinyurl.com/jqrc92o,מרכז,ת״א,,,,,10,10,10,10,50,50,,10,10,1,1,1,1,,1,1,1,1,1,,,100,90,80,76,73,,,,,120,110,100,94,90,,,
233,הטירה המקוללת,nightmare escape room,תל אביב,,2,6,http://www.nightmare-room.co.il/,1-700-557-666,,"הירקון 167, תל אביב",32.085653,34.770249,http://tinyurl.com/z2huzw2,מרכז,ת״א,,,,,,,,,,,,,,,,,,,,,,,,,,120,110,100,100,100,,,,,120,110,100,100,100,,,
234,אבן אפריקאית,out of the box,תל אביב,,2,6,http://www.boxgame.co.il/african-stone,058-6903600,,"דיזנגוף 203, תל אביב",32.087592,34.774964,http://tinyurl.com/gppp6vn,מרכז,ת״א,,,,,15,15,10,10,40,40,,10,,0,1,1,1,,0,0,1,1,1,,,110,107,90,90,85,,,,,110,107,90,90,85,,,
235,הקרב האחרון,out of the box,תל אביב,,3,6,http://www.boxgame.co.il/thelastbattle,03-3741856,,"בן יהודה 100, תל אביב",32.082513,34.771371,http://tinyurl.com/jodofk4,מרכז,ת״א,,,,,15,15,10,10,40,40,,10,,0,1,1,1,,0,0,1,1,1,1,,,107,90,90,85,,,,,,107,90,90,85,,,
236,מאחורי הקלעים,out of the box,תל אביב,,2,5,http://www.boxgame.co.il/theatermystery,058-6903600,,"דיזנגוף 203, תל אביב",32.087592,34.774964,http://tinyurl.com/gppp6vn,מרכז,ת״א,,,,,15,15,10,10,40,40,,10,,0,1,1,1,,0,0,1,1,1,,,110,107,90,90,,,,,,110,107,90,90,,,,
237,מרתף היינות,out of the box,תל אביב,,2,5,http://www.boxgame.co.il/quest11,058-6903600,,"דיזנגוף 203, תל אביב",32.087592,34.774964,http://tinyurl.com/gppp6vn,מרכז,ת״א,,,,,15,15,10,10,40,40,,10,,0,1,1,1,,0,0,1,1,1,1,,110,107,90,90,,,,,,110,107,90,90,,,,
238,קרקס סטימפאנק,out of the box,תל אביב,,2,5,http://www.boxgame.co.il/steampun-c-heb,03-3741856,,"בן יהודה 100, תל אביב",32.082513,34.771371,http://tinyurl.com/jodofk4,מרכז,ת״א,,2,,,15,15,10,10,40,40,,10,,0,1,1,1,,0,0,1,1,1,1,,110,107,90,90,,,,,,110,107,90,90,,,,
239,הדרך לגהינום,panica escape,תל אביב,,2,5,http://panica-escape.co.il/,052-4104850,,"הארבעה 4, תל אביב",32.070380,34.783014,http://tinyurl.com/gso4hux,מרכז,ת״א,,,,,,,,,,,,,,,,,,,,,,,1,,,100,95,85,80,,,,,,115,105,93,86,,,,
240,זבל של שותף,panica escape,תל אביב,,2,5,http://panica-escape.co.il/,052-4104850,,"דיזנגוף 101, תל אביב",32.079525,34.773769,http://tinyurl.com/hfqeqwl,מרכז,ת״א,,,,,,,,,,,,,,,,,,,,,,,1,,,100,95,85,80,,,,,,115,105,93,86,,,,
241,השוד הגדול,paradox escape zone,תל אביב,,3,5,http://www.paradox.games/the-bank-job,03-6776306,,"אסתר המלכה 4, תל אביב",32.079046,34.774305,http://tinyurl.com/hzm6sm6,מרכז,ת״א,,,,,10,10,10,10,,,1,,,,,,,,,,,,,,,,110,100,90,,,,,,,110,100,90,,,,
242,חדר ניתוח,paradox escape zone,תל אביב,,2,6,http://www.paradox.games/surgery,03-6776306,,"אסתר המלכה 4, תל אביב",32.079046,34.774305,http://tinyurl.com/hzm6sm6,מרכז,ת״א,,,,,10,10,10,10,,,1,,,,,,0,,,,,,,,,120,110,100,90,90,,,,,120,110,100,90,90,,,
243,צופן הפיראטים,piratescape,תל אביב,,2,6,http://www.piratescape.co.il/,058-5588007,,"מנחם בגין 112, תל אביב",32.070608,34.789025,http://tinyurl.com/gv35yyu,מרכז,ת״א,,2,,,15,10,15,10,15,15,,10,,,,,,,,,,,1,,,120,100,90,80,75,,,,,120,100,90,80,75,,,
244,"חטיפה ע""י חייזרים",portal y,תל אביב,,3,8,http://www.portaly.club/alienabduction,058-6076070,,הרבי מבכרך 14 תל אביב,32.057818,34.765227,http://tinyurl.com/zjvvumw,מרכז,ת״א,,,,,10,10,,,,,,10,50,0,1,0,0,,0,0,1,1,1,1,,,90,80,70,65,60,60,,,,100,90,80,75,70,70,
245,הצד האפל של האומנות,quest & quest,תל אביב,,2,6,http://www.escaperoom-quest.co.il/%D7%94%D7%A6%D7%93-%D7%94%D7%90%D7%A4%D7%9C-%D7%A9%D7%9C-%D7%94%D7%90%D7%95%D7%9E%D7%A0%D7%95%D7%AA/,054-2809087,,"דרך מנחם בגין 25 קומה 3, תל אביב",32.064039,34.780261,http://tinyurl.com/j8eryjv,מרכז,ת״א,,,,,15,15,10,10,50,50,1,10,,1,1,1,1,,0,0,1,0,1,1,,100,90,85,80,75,,,,,120,103,95,88,82,,,
246,סודו של וולטר,quest & quest,תל אביב,,2,6,http://www.escaperoom-quest.co.il/%D7%A1%D7%95%D7%93%D7%95-%D7%A9%D7%9C-%D7%95%D7%95%D7%9C%D7%98%D7%A8/,054-2809087,,"דרך מנחם בגין 25 קומה 3, תל אביב",32.064039,34.780261,http://tinyurl.com/j8eryjv,מרכז,ת״א,,,,,15,15,10,10,50,50,1,10,,1,1,1,1,,1,0,1,0,1,1,,100,90,85,80,75,,,,,120,103,95,88,82,,,
247,טיסה 301,questair,תל אביב,,2,7,http://www.questair.co.il/blank-2,03-6964443,052-355-8226,"שפע טל 6, קומה 1, תל אביב",32.072085,34.791026,http://tinyurl.com/gmoov3v,מרכז,ת״א,,,,,10,10,10,10,50,50,,,50,,,0,0,,1,,,0,1,1,,,120,120,115,110,105,,,,,120,120,115,110,105,,
248,פרוייקט איקס,questair,תל אביב,,2,7,http://www.questair.co.il/blank-5,03-6964443,052-355-8226,"שפע טל 6, קומה 1, תל אביב",32.072085,34.791026,http://tinyurl.com/gmoov3v,מרכז,ת״א,,,,,10,10,10,10,50,50,,,50,,,0,0,,0,,,1,,1,,120,110,100,100,90,85,,,,120,110,100,100,90,85,,
249,שוד הקזינו,question,תל אביב,,2,6,http://www.quest-ion.co.il/,072-250072,,"הברזל 31, תל אביב",32.110441,34.841122,http://tinyurl.com/zd3kag7,מרכז,ת״א,,2,,,10,10,10,10,50,50,1,,50,1,1,1,1,,0,0,1,1,1,,,120,100,90,80,80,,,,,120,110,100,90,90,,,
250,אושן 5,questomania,תל אביב,,2,5,https://www.questomania.co.il/shop/diamond-robbery/,03-5531194,,"החשמונאים 100, תל אביב",32.069220,34.786817,http://tinyurl.com/gqc8tk8,מרכז,ת״א,,,,,,,,,,,1,,,1,1,1,1,,0,1,0,1,1,,,120,100,90,80,,,,,,120,100,90,80,,,,
251,הכלא הרוסי,questomania,תל אביב,,2,5,https://www.questomania.co.il/shop/russian-police-station/,03-5531194,,"החשמונאים 100, תל אביב",32.069220,34.786817,http://tinyurl.com/gqc8tk8,מרכז,ת״א,,,,,,,,,,,1,,,1,1,1,1,,0,1,0,1,1,,,120,100,90,80,,,,,,120,100,90,80,,,,
252,המרדף,questomania,תל אביב,,2,5,https://www.questomania.co.il/shop/total-loss/,03-5531194,,"החשמונאים 100, תל אביב",32.069220,34.786817,http://tinyurl.com/gqc8tk8,מרכז,ת״א,,,,,,,,,,,1,,,1,1,1,1,,0,1,0,1,1,,,120,100,90,80,,,,,,120,100,90,80,,,,
253,מתקפת הזומבים,questomania,תל אביב,,2,5,https://www.questomania.co.il/shop/zombie-attack/,03-5531194,,"החשמונאים 100, תל אביב",32.069220,34.786817,http://tinyurl.com/gqc8tk8,מרכז,ת״א,,,,,,,,,,,1,,,1,1,1,1,,1,1,1,1,1,1,,120,100,90,80,,,,,,120,100,90,80,,,,
254,עליסה בארץ הפלאות,questomania,תל אביב,,2,4,https://www.questomania.co.il/shop/alice-in-wonderland/,03-5531194,,"החשמונאים 100, תל אביב",32.069220,34.786817,http://tinyurl.com/gqc8tk8,מרכז,ת״א,,,,,,,,,,,1,,,1,1,1,1,,0,1,1,1,1,,,135,108,90,,,,,,,135,108,90,,,,,
255,הסליק,rsq,תל אביב,,2,6,http://rsqisrael.com/heb/index,03-6169411,,"נחלת בנימין 105, תל אביב",32.059585,34.772428,http://tinyurl.com/z4vzcem,מרכז,ת״א,,,,,,,,,,,,,,,,,,,,,,,,,,110,90,85,80,75,,,,,120,100,95,90,85,,,
256,גראנד קרליבך הוטל,the grand karlibach hotel - preformance game,תל אביב,,3,6,http://www.grand-karlibach.co.il/,03-3760346,,"מנחם בגין 65, תל אביב",32.067569,34.785296,http://tinyurl.com/jq7sje6,מרכז,ת״א,,,1,,15,15,,,,,,10,,,,,0,,,0,0,,1,,,,130,110,100,100,,,,,,130,110,100,100,,,
257,המשימה,the mission - escape in 60 minutes,תל אביב,,2,6,http://www.escapein60minutes.com/,054-996-3608,,"נתן ילין מור, 17, תל אביב",32.070290,34.791374,http://tinyurl.com/ztdp9af,מרכז,ת״א,,2,,,,,,,,,,,,,,,,,,,,,,,,120,100,100,90,90,,,,,120,100,100,90,90,,,
258,ג'ומנג'י,the quest game,תל אביב,,2,6,http://www.thequestgame.co.il/GamePage.aspx?l=1&id=20,052-9120150,,"מנחם בגין 90, תל אביב",32.068330,34.786711,http://tinyurl.com/zro3r6e,מרכז,ת״א,,,,,,,,,,,1,,,,,,0,,,,,,,,,120,100,90,80,77,,,,,120,100,90,80,77,,,
259,משימה בלתי אפשרית,the quest game,תל אביב,,2,6,http://www.thequestgame.co.il/GamePage.aspx?l=1&id=18,052-9120150,,"מנחם בגין 90, תל אביב",32.068330,34.786711,http://tinyurl.com/zro3r6e,מרכז,ת״א,,,,,,,,,,,1,,,,,,0,,,,,,,,,120,100,90,80,77,,,,,120,100,90,80,77,,,
260,קזינו זירו,the quest game,תל אביב,,2,6,http://www.thequestgame.co.il/ComingSoon.aspx?l=1&id=19,052-9120150,,"מנחם בגין 90, תל אביב",32.068330,34.786711,http://tinyurl.com/zro3r6e,מרכז,ת״א,,,,,,,,,,,1,,,,,,0,,,,,,,,,120,93,90,80,73,,,,,140,107,90,80,73,,,
261,CSI:TLV,the quest game,תל אביב,,2,6,http://www.thequestgame.co.il/GamePage.aspx?l=1&id=17,052-9120150,,"מנחם בגין 90, תל אביב",32.068330,34.786711,http://tinyurl.com/zro3r6e,מרכז,ת״א,,,,,,,,,,,1,,,,,,0,,,,,,,,,120,100,90,80,77,,,,,120,100,90,80,77,,,
262,הבונקר,vertigo escape rooms,תל אביב,,2,6,https://vertigotlv.com/booking/,03-9600040,,"שאול המלך 35, תל אביב",32.077366,34.789883,http://tinyurl.com/hk75lpo,מרכז,ת״א,,,,,15,15,10,10,,,,,,,,,,,,1,1,1,1,,,100,93,90,84,77,,,,,120,107,100,92,83,,,
263,אלנבי 28,art quest,תל אביב,,3,8,http://artquest.co.il/en/room/3#,052-5280289,,"אלנבי 28, תל אביב",32.072890,34.767668,http://tinyurl.com/zx4bhqb,מרכז,"ת""א",,,,,,,,,,,,,,,,0,0,,,0,0,0,,,,130,120,115,110,105,100,,,,130,120,115,110,105,100,,
264,תקועים בלב ים,pandora's box,תל מונד,,2,6,https://pandorasbox.co.il/,073-737-2606,058-480-8866,"הדקל 54, תל מונד",32.253667,34.918363,http://tinyurl.com/gn3w89s,מרכז,שרון,,,,,20,20,,,,,,,,,,,,,,,,,,,,85,80,75,70,65,,,,,95,90,80,80,75,,,
265,בחזרה אל העתיד,quest room,חיפה,,2,6,http://www.questroom.co.il/back-future,053-964-3067,072-213-3868,"חלוצי התעשיה 10, חיפה",32.811430,35.067599,http://tinyurl.com/zha3omp,חיפה,,,,,,10,10,,,20,20,,,,,,,,,,,,,,,,100,90,80,70,,,,,,125,110,100,90,,,,